synapse_id,pre_neuron_id,post_neuron_id,pre_gc_id,post_gc_id,is_axosomatic,size_um2,distance_mm,attenuation,effective_weight,c_bar,sigma_stab,pre_morphology,post_morphology
719,33d52ebf-78fb-4a56-8322-754b3df44f73,8cb7e6e8-ec01-4342-990f-0b4a67b21158,2076,149,true,0.0499021878031692,0.001,0.9966722160545233,0.049736124103753644,0.0,0.0,generic,generic
699,33d52ebf-78fb-4a56-8322-754b3df44f73,cacfbb16-d74a-498b-ae02-6326bee90a31,2006,154,false,0.049838516756691785,0.2730000000000002,0.4025242240336357,0.02006121028447471,0.0,0.0,generic,generic
319,0f960723-5f75-4e64-946c-37d2bc4098da,d3d238ca-e750-4c2d-a21b-9b6794143385,1431,148,false,0.04929796903718638,0.5760000000000004,0.14660696213034993,0.007227425479737947,0.0,0.0,generic,generic
687,bc5fc0ad-78cd-4775-bb9e-b0e73d32d40c,d3d238ca-e750-4c2d-a21b-9b6794143385,1959,148,false,0.0497888866935715,1.29599999999999,0.013299883542444204,0.0006621863947324509,0.0,0.0,generic,generic
185,27bf3281-cca6-4c5e-8304-066b216843db,d3d238ca-e750-4c2d-a21b-9b6794143385,1051,148,false,0.049179650879394785,0.3960000000000003,0.2671353019658501,0.013137620888242212,0.0,0.0,generic,generic
420,0f960723-5f75-4e64-946c-37d2bc4098da,d3d238ca-e750-4c2d-a21b-9b6794143385,1653,148,false,0.04951473626813709,0.8940000000000007,0.05079283386489839,0.002514993773131746,0.0,0.0,generic,generic
525,1d937a0a-1d3b-4853-aba6-2ab7a8b63234,d3d238ca-e750-4c2d-a21b-9b6794143385,1689,148,false,0.049616941944406696,1.0409999999999993,0.031117030661060942,0.001543931903792184,0.0,0.0,generic,generic
365,bc5fc0ad-78cd-4775-bb9e-b0e73d32d40c,d3d238ca-e750-4c2d-a21b-9b6794143385,1406,148,false,0.04937001358611116,0.6840000000000005,0.1022842067155373,0.005049772675190679,0.0,0.0,generic,generic
638,33d52ebf-78fb-4a56-8322-754b3df44f73,8cb7e6e8-ec01-4342-990f-0b4a67b21158,1910,150,false,0.04974331425719908,0.3000000000000002,0.36787944117144206,0.018299542650953824,0.0,0.0,generic,generic
263,0f960723-5f75-4e64-946c-37d2bc4098da,d3d238ca-e750-4c2d-a21b-9b6794143385,1363,148,false,0.04925329047162917,0.5070000000000003,0.18451952399298904,0.009088193712913438,0.0,0.0,generic,generic
422,0f960723-5f75-4e64-946c-37d2bc4098da,d3d238ca-e750-4c2d-a21b-9b6794143385,1653,148,false,0.049520621302481006,0.9030000000000007,0.04929167876046204,0.002440954557260387,0.0,0.0,generic,generic
242,0f960723-5f75-4e64-946c-37d2bc4098da,d3d238ca-e750-4c2d-a21b-9b6794143385,1284,148,false,0.049243588454310254,0.4920000000000004,0.19398004229089166,0.009552273370922367,0.0,0.0,generic,generic
183,0f960723-5f75-4e64-946c-37d2bc4098da,d3d238ca-e750-4c2d-a21b-9b6794143385,1284,148,false,0.049179650879394785,0.3960000000000003,0.2671353019658501,0.013137620888242212,0.0,0.0,generic,generic
551,bc5fc0ad-78cd-4775-bb9e-b0e73d32d40c,d3d238ca-e750-4c2d-a21b-9b6794143385,1627,148,false,0.04963467423780479,1.0679999999999983,0.02843882471418467,0.001411551800394588,0.0,0.0,generic,generic
224,27bf3281-cca6-4c5e-8304-066b216843db,d3d238ca-e750-4c2d-a21b-9b6794143385,1349,148,false,0.04923001204979605,0.47100000000000036,0.20804518235702021,0.010242066834338122,0.0,0.0,generic,generic
694,2cc94e3c-a36d-481e-bfc7-ec2a45283ccd,e3657648-24c2-49ea-aba3-8c2d4e84777f,266,151,true,0.049806742125044545,0.001,0.9966722160545233,0.04964099604822432,0.0,0.0,generic,generic
692,2cc94e3c-a36d-481e-bfc7-ec2a45283ccd,e3657648-24c2-49ea-aba3-8c2d4e84777f,266,151,true,0.04980277314469551,0.001,0.9966722160545233,0.04963704027578437,0.0,0.0,generic,generic
177,0f960723-5f75-4e64-946c-37d2bc4098da,d3d238ca-e750-4c2d-a21b-9b6794143385,1266,148,false,0.04917771596894629,0.3960000000000003,0.2671353019658501,0.013137104005355275,0.0,0.0,generic,generic
676,27bf3281-cca6-4c5e-8304-066b216843db,d3d238ca-e750-4c2d-a21b-9b6794143385,1940,148,false,0.04978095505500607,1.2839999999999905,0.013842662086479943,0.0006891009391686946,0.0,0.0,generic,generic
637,33d52ebf-78fb-4a56-8322-754b3df44f73,cacfbb16-d74a-498b-ae02-6326bee90a31,1910,154,false,0.04974133473934845,0.13500000000000006,0.6376281516217731,0.03171647532905064,0.0,0.0,generic,generic
730,27bf3281-cca6-4c5e-8304-066b216843db,d3d238ca-e750-4c2d-a21b-9b6794143385,2116,148,false,0.049930095072600995,1.5089999999999824,0.006538810570549447,0.00032648343344926224,0.0,0.0,generic,generic
523,ad7701ce-b683-4d65-9795-1469ee131d17,8cb7e6e8-ec01-4342-990f-0b4a67b21158,500,150,false,0.049616941944406696,0.11400000000000006,0.6838614092123557,0.0339311118389096,0.0,0.0,generic,generic
77,b0ce6adc-3f6f-4ff8-9b66-0a569c36e49b,d3d238ca-e750-4c2d-a21b-9b6794143385,1165,148,false,0.049083091511861965,0.2700000000000002,0.40656965974059883,0.019955695814994394,0.0,0.0,generic,generic
172,0f960723-5f75-4e64-946c-37d2bc4098da,d3d238ca-e750-4c2d-a21b-9b6794143385,1266,148,false,0.04917578121074795,0.3930000000000003,0.2698200563846866,0.013268612059045023,0.0,0.0,generic,generic
685,bc5fc0ad-78cd-4775-bb9e-b0e73d32d40c,8cb7e6e8-ec01-4342-990f-0b4a67b21158,1959,1962,false,0.0497888866935715,0.001,0.9966722160545233,0.04962320003576948,0.0,0.0,generic,generic
103,bc5fc0ad-78cd-4775-bb9e-b0e73d32d40c,d3d238ca-e750-4c2d-a21b-9b6794143385,944,148,false,0.0491255308785864,0.32700000000000023,0.33621649370673307,0.016516813743480165,0.0,0.0,generic,generic
526,82be0088-d913-4847-821b-f1abd03e1d99,d3d238ca-e750-4c2d-a21b-9b6794143385,1572,148,false,0.049616941944406696,1.0409999999999993,0.031117030661060942,0.001543931903792184,0.0,0.0,generic,generic
59,b0ce6adc-3f6f-4ff8-9b66-0a569c36e49b,d3d238ca-e750-4c2d-a21b-9b6794143385,975,148,false,0.04904649829826557,0.21600000000000014,0.4867522559599714,0.023873493693617666,0.0,0.0,generic,generic
773,82be0088-d913-4847-821b-f1abd03e1d99,cacfbb16-d74a-498b-ae02-6326bee90a31,1892,154,false,0.049976010555566594,0.46800000000000036,0.2101360712007645,0.0105017625124347,0.0,0.0,generic,generic
211,bc5fc0ad-78cd-4775-bb9e-b0e73d32d40c,d3d238ca-e750-4c2d-a21b-9b6794143385,653,148,false,0.049185456524420954,0.4020000000000003,0.26184566858032576,0.012878998748065551,0.0,0.0,generic,generic
358,82be0088-d913-4847-821b-f1abd03e1d99,d3d238ca-e750-4c2d-a21b-9b6794143385,1452,148,false,0.04935246986213876,0.6600000000000005,0.11080315836233372,0.005468409533706863,0.0,0.0,generic,generic
366,ad7701ce-b683-4d65-9795-1469ee131d17,d3d238ca-e750-4c2d-a21b-9b6794143385,1446,147,true,0.049371963658747575,0.001,0.9966722160545233,0.049207664430727334,0.0,0.0,generic,generic
414,5a98df98-49c8-409a-b9cc-29c578c7bb25,d3d238ca-e750-4c2d-a21b-9b6794143385,1387,148,false,0.049491210111950616,0.8580000000000007,0.05726876026546723,0.0028343002471491676,0.0,0.0,generic,generic
116,bc5fc0ad-78cd-4775-bb9e-b0e73d32d40c,d3d238ca-e750-4c2d-a21b-9b6794143385,890,148,false,0.049140981577483325,0.34800000000000025,0.31348618088260505,0.0154050186395477,0.0,0.0,generic,generic
79,b0ce6adc-3f6f-4ff8-9b66-0a569c36e49b,d3d238ca-e750-4c2d-a21b-9b6794143385,1165,148,false,0.04908694660579449,0.2730000000000002,0.4025242240336357,0.019758685092677933,0.0,0.0,generic,generic
279,82be0088-d913-4847-821b-f1abd03e1d99,d3d238ca-e750-4c2d-a21b-9b6794143385,1024,148,false,0.04925911351731405,0.5160000000000003,0.179066147911493,0.008820639707080382,0.0,0.0,generic,generic
485,82be0088-d913-4847-821b-f1abd03e1d99,d3d238ca-e750-4c2d-a21b-9b6794143385,1693,148,false,0.049573649631731616,0.9780000000000008,0.03838839801755197,0.001903052993245582,0.0,0.0,generic,generic
732,27bf3281-cca6-4c5e-8304-066b216843db,cacfbb16-d74a-498b-ae02-6326bee90a31,2116,154,false,0.049930095072600995,0.4080000000000003,0.2566607769535556,0.01281509699469867,0.0,0.0,generic,generic
502,0f960723-5f75-4e64-946c-37d2bc4098da,d3d238ca-e750-4c2d-a21b-9b6794143385,1731,148,false,0.049593318586348696,1.0080000000000005,0.0347352589447385,0.0017226367630257347,0.0,0.0,generic,generic
528,ad7701ce-b683-4d65-9795-1469ee131d17,8cb7e6e8-ec01-4342-990f-0b4a67b21158,500,150,false,0.049618911573515286,0.11700000000000006,0.6770568744981645,0.033594825185965065,0.0,0.0,generic,generic
535,8a7898ba-6cf3-426f-8995-b60d81dfd640,8cb7e6e8-ec01-4342-990f-0b4a67b21158,1300,150,false,0.04962482139922487,0.12600000000000006,0.6570468198150566,0.03260583108425087,0.0,0.0,generic,generic
46,b0ce6adc-3f6f-4ff8-9b66-0a569c36e49b,d3d238ca-e750-4c2d-a21b-9b6794143385,758,148,false,0.049033030338624016,0.19800000000000012,0.516851334491699,0.025342787164689785,0.0,0.0,generic,generic
152,8a7898ba-6cf3-426f-8995-b60d81dfd640,d3d238ca-e750-4c2d-a21b-9b6794143385,1074,148,false,0.049166109702879796,0.3780000000000003,0.2836540264997701,0.01394616498455127,0.0,0.0,generic,generic
250,0f960723-5f75-4e64-946c-37d2bc4098da,d3d238ca-e750-4c2d-a21b-9b6794143385,1363,148,false,0.049247468802522905,0.4980000000000004,0.19013898010152028,0.009363863490693142,0.0,0.0,generic,generic
448,ad7701ce-b683-4d65-9795-1469ee131d17,d3d238ca-e750-4c2d-a21b-9b6794143385,1438,147,true,0.04955006747092582,0.001,0.9966722160545233,0.04938517555189879,0.0,0.0,generic,generic
610,27bf3281-cca6-4c5e-8304-066b216843db,d3d238ca-e750-4c2d-a21b-9b6794143385,1853,148,false,0.04969980122851029,1.1639999999999948,0.020650825181712913,0.0010263419067358466,0.0,0.0,generic,generic
438,27bf3281-cca6-4c5e-8304-066b216843db,d3d238ca-e750-4c2d-a21b-9b6794143385,1690,148,false,0.04954417543600895,0.9390000000000007,0.04371779725275082,0.0021659622167661567,0.0,0.0,generic,generic
436,2cc94e3c-a36d-481e-bfc7-ec2a45283ccd,d3d238ca-e750-4c2d-a21b-9b6794143385,1492,1691,false,0.04954221173575324,0.001,0.9966722160545233,0.04937734595891559,0.0,0.0,generic,generic
454,ad7701ce-b683-4d65-9795-1469ee131d17,d3d238ca-e750-4c2d-a21b-9b6794143385,1438,147,true,0.049553996272847047,0.001,0.9966722160545233,0.049389091279616056,0.0,0.0,generic,generic
154,bc5fc0ad-78cd-4775-bb9e-b0e73d32d40c,d3d238ca-e750-4c2d-a21b-9b6794143385,515,148,false,0.049166109702879796,0.3780000000000003,0.2836540264997701,0.01394616498455127,0.0,0.0,generic,generic
707,bc5fc0ad-78cd-4775-bb9e-b0e73d32d40c,cacfbb16-d74a-498b-ae02-6326bee90a31,2020,154,false,0.04985243091034332,0.2940000000000002,0.37531109885139924,0.01871017062537441,0.0,0.0,generic,generic
206,27bf3281-cca6-4c5e-8304-066b216843db,d3d238ca-e750-4c2d-a21b-9b6794143385,1111,148,false,0.049185456524420954,0.4020000000000003,0.26184566858032576,0.012878998748065551,0.0,0.0,generic,generic
686,bc5fc0ad-78cd-4775-bb9e-b0e73d32d40c,8cb7e6e8-ec01-4342-990f-0b4a67b21158,1959,150,false,0.0497888866935715,0.36900000000000027,0.29229257768085914,0.014552922031524243,0.0,0.0,generic,generic
500,82be0088-d913-4847-821b-f1abd03e1d99,d3d238ca-e750-4c2d-a21b-9b6794143385,1572,148,false,0.04959135098854997,1.0050000000000006,0.03508435410084496,0.001739880518421575,0.0,0.0,generic,generic
716,33d52ebf-78fb-4a56-8322-754b3df44f73,8cb7e6e8-ec01-4342-990f-0b4a67b21158,2076,149,true,0.04989621173229504,0.001,0.9966722160545233,0.0497301679199522,0.0,0.0,generic,generic
40,b0ce6adc-3f6f-4ff8-9b66-0a569c36e49b,d3d238ca-e750-4c2d-a21b-9b6794143385,1081,148,false,0.04902918370861381,0.19200000000000012,0.5272924240430483,0.02585271712656691,0.0,0.0,generic,generic
245,82be0088-d913-4847-821b-f1abd03e1d99,d3d238ca-e750-4c2d-a21b-9b6794143385,1024,148,false,0.04924552855197614,0.4950000000000004,0.19204990862075388,0.009457599258387744,0.0,0.0,generic,generic
595,27bf3281-cca6-4c5e-8304-066b216843db,d3d238ca-e750-4c2d-a21b-9b6794143385,1853,148,false,0.04969189794645385,1.1549999999999951,0.02127973643837751,0.0010574304914232906,0.0,0.0,generic,generic
325,0f960723-5f75-4e64-946c-37d2bc4098da,d3d238ca-e750-4c2d-a21b-9b6794143385,1431,148,false,0.04930185796091586,0.5820000000000004,0.1437039497777027,0.007084871720362885,0.0,0.0,generic,generic
616,5a98df98-49c8-409a-b9cc-29c578c7bb25,d3d238ca-e750-4c2d-a21b-9b6794143385,1426,148,false,0.049705730340072335,1.1729999999999945,0.02004050106168438,0.000996127741652017,0.0,0.0,generic,generic
660,1d937a0a-1d3b-4853-aba6-2ab7a8b63234,8cb7e6e8-ec01-4342-990f-0b4a67b21158,1790,150,false,0.049759156073893224,0.32400000000000023,0.3395955256449389,0.016897986762562323,0.0,0.0,generic,generic
145,bc5fc0ad-78cd-4775-bb9e-b0e73d32d40c,d3d238ca-e750-4c2d-a21b-9b6794143385,515,148,false,0.049164175857805144,0.3750000000000003,0.28650479686018987,0.014085772216939114,0.0,0.0,generic,generic
444,2cc94e3c-a36d-481e-bfc7-ec2a45283ccd,d3d238ca-e750-4c2d-a21b-9b6794143385,1492,147,true,0.04954613929194394,0.001,0.9966722160545233,0.049381260445047856,0.0,0.0,generic,generic
558,1d937a0a-1d3b-4853-aba6-2ab7a8b63234,d3d238ca-e750-4c2d-a21b-9b6794143385,1519,148,false,0.04964058781921131,1.076999999999998,0.02759833042324947,0.0013699973450389267,0.0,0.0,generic,generic
672,27bf3281-cca6-4c5e-8304-066b216843db,d3d238ca-e750-4c2d-a21b-9b6794143385,1940,148,false,0.04977104405990492,1.268999999999991,0.014552390548416562,0.0007242876711621846,0.0,0.0,generic,generic
342,82be0088-d913-4847-821b-f1abd03e1d99,d3d238ca-e750-4c2d-a21b-9b6794143385,1418,148,false,0.04933493860237151,0.6330000000000005,0.12123796643338147,0.005981267630267253,0.0,0.0,generic,generic
762,5a98df98-49c8-409a-b9cc-29c578c7bb25,d3d238ca-e750-4c2d-a21b-9b6794143385,959,148,false,0.04996402446385363,1.5599999999999805,0.005516564420761129,0.0002756297596753336,0.0,0.0,generic,generic
457,27bf3281-cca6-4c5e-8304-066b216843db,d3d238ca-e750-4c2d-a21b-9b6794143385,1690,148,false,0.04955596090745622,0.9570000000000007,0.04117187093906763,0.002040311626743268,0.0,0.0,generic,generic
460,27bf3281-cca6-4c5e-8304-066b216843db,d3d238ca-e750-4c2d-a21b-9b6794143385,1710,148,false,0.0495579256978558,0.9600000000000007,0.040762203978366114,0.00202009027604071,0.0,0.0,generic,generic
351,5a98df98-49c8-409a-b9cc-29c578c7bb25,d3d238ca-e750-4c2d-a21b-9b6794143385,1357,148,false,0.04934272873543887,0.6450000000000005,0.11648415777349676,0.005747646198993713,0.0,0.0,generic,generic
158,bc5fc0ad-78cd-4775-bb9e-b0e73d32d40c,d3d238ca-e750-4c2d-a21b-9b6794143385,653,148,false,0.049166109702879796,0.3780000000000003,0.2836540264997701,0.01394616498455127,0.0,0.0,generic,generic
587,5a98df98-49c8-409a-b9cc-29c578c7bb25,d3d238ca-e750-4c2d-a21b-9b6794143385,1161,148,false,0.04967017687596581,1.1219999999999963,0.02375410313130529,0.001179870504061867,0.0,0.0,generic,generic
786,33d52ebf-78fb-4a56-8322-754b3df44f73,8cb7e6e8-ec01-4342-990f-0b4a67b21158,2163,149,true,0.04998800239956807,0.001,0.9966722160545233,0.04982165312771634,0.0,0.0,generic,generic
92,b0ce6adc-3f6f-4ff8-9b66-0a569c36e49b,d3d238ca-e750-4c2d-a21b-9b6794143385,975,148,false,0.049115879124751904,0.3150000000000002,0.3499377491111551,0.017187500186531254,0.0,0.0,generic,generic
118,bc5fc0ad-78cd-4775-bb9e-b0e73d32d40c,d3d238ca-e750-4c2d-a21b-9b6794143385,890,148,false,0.049142913598248864,0.35100000000000026,0.31036694126548475,0.015252335778362497,0.0,0.0,generic,generic
162,1d937a0a-1d3b-4853-aba6-2ab7a8b63234,d3d238ca-e750-4c2d-a21b-9b6794143385,1131,148,false,0.04916804370009683,0.3810000000000003,0.2808316217783795,0.013807941451968429,0.0,0.0,generic,generic
494,1d937a0a-1d3b-4853-aba6-2ab7a8b63234,d3d238ca-e750-4c2d-a21b-9b6794143385,1474,148,false,0.049585449131826054,0.9960000000000008,0.03615283175404633,0.00179265439991173,0.0,0.0,generic,generic
537,5a98df98-49c8-409a-b9cc-29c578c7bb25,d3d238ca-e750-4c2d-a21b-9b6794143385,1613,148,false,0.04962482139922487,1.0529999999999988,0.02989691443692643,0.0014836290393203816,0.0,0.0,generic,generic
93,bc5fc0ad-78cd-4775-bb9e-b0e73d32d40c,d3d238ca-e750-4c2d-a21b-9b6794143385,1184,148,false,0.0491178091720942,0.3180000000000002,0.3464558103300572,0.01701715037835501,0.0,0.0,generic,generic
304,82be0088-d913-4847-821b-f1abd03e1d99,d3d238ca-e750-4c2d-a21b-9b6794143385,1287,148,false,0.04928436263432972,0.5550000000000004,0.15723716631362739,0.007749333524195225,0.0,0.0,generic,generic
18,ad7701ce-b683-4d65-9795-1469ee131d17,d3d238ca-e750-4c2d-a21b-9b6794143385,721,148,false,0.04891789338500984,0.026999999999999996,0.9139311852712282,0.044707588282333614,0.0,0.0,generic,generic
514,82be0088-d913-4847-821b-f1abd03e1d99,d3d238ca-e750-4c2d-a21b-9b6794143385,1572,148,false,0.04960512745279502,1.023,0.033041200375886946,0.0016390129558392108,0.0,0.0,generic,generic
349,82be0088-d913-4847-821b-f1abd03e1d99,d3d238ca-e750-4c2d-a21b-9b6794143385,1452,148,false,0.04933883336140212,0.6390000000000005,0.11883729385240945,0.005863293438504007,0.0,0.0,generic,generic
368,ad7701ce-b683-4d65-9795-1469ee131d17,d3d238ca-e750-4c2d-a21b-9b6794143385,1446,147,true,0.0493856184819465,0.001,0.9966722160545233,0.049221273813624844,0.0,0.0,generic,generic
217,27bf3281-cca6-4c5e-8304-066b216843db,d3d238ca-e750-4c2d-a21b-9b6794143385,1111,148,false,0.04919126354034571,0.4110000000000003,0.25410695955280005,0.012499842414797756,0.0,0.0,generic,generic
726,27bf3281-cca6-4c5e-8304-066b216843db,8cb7e6e8-ec01-4342-990f-0b4a67b21158,2116,150,false,0.04992610640889733,0.5730000000000004,0.14808038659546224,0.007393077138235702,0.0,0.0,generic,generic
61,b0ce6adc-3f6f-4ff8-9b66-0a569c36e49b,d3d238ca-e750-4c2d-a21b-9b6794143385,949,148,false,0.04904842289649648,0.21900000000000014,0.48190899009020216,0.023636875943567767,0.0,0.0,generic,generic
412,5a98df98-49c8-409a-b9cc-29c578c7bb25,d3d238ca-e750-4c2d-a21b-9b6794143385,1387,148,false,0.0494696640998957,0.8250000000000006,0.06392786120670743,0.0031624898205205696,0.0,0.0,generic,generic
212,1d937a0a-1d3b-4853-aba6-2ab7a8b63234,d3d238ca-e750-4c2d-a21b-9b6794143385,982,148,false,0.049185456524420954,0.4020000000000003,0.26184566858032576,0.012878998748065551,0.0,0.0,generic,generic
474,27bf3281-cca6-4c5e-8304-066b216843db,d3d238ca-e750-4c2d-a21b-9b6794143385,1710,148,false,0.04956382100398233,0.9630000000000007,0.04035661327203104,0.002000227956541884,0.0,0.0,generic,generic
540,8a7898ba-6cf3-426f-8995-b60d81dfd640,8cb7e6e8-ec01-4342-990f-0b4a67b21158,1300,150,false,0.049626791653984766,0.12900000000000006,0.6505090947233164,0.03228267931285626,0.0,0.0,generic,generic
223,bc5fc0ad-78cd-4775-bb9e-b0e73d32d40c,d3d238ca-e750-4c2d-a21b-9b6794143385,616,148,false,0.04921644312936617,0.45000000000000034,0.22313016014842957,0.01098167283739155,0.0,0.0,generic,generic
285,0f960723-5f75-4e64-946c-37d2bc4098da,d3d238ca-e750-4c2d-a21b-9b6794143385,1284,148,false,0.049261054838533096,0.5190000000000003,0.17728440996987757,0.008733217041543123,0.0,0.0,generic,generic
678,27bf3281-cca6-4c5e-8304-066b216843db,d3d238ca-e750-4c2d-a21b-9b6794143385,1940,148,false,0.04978492055836912,1.2899999999999903,0.013568559012201368,0.0006755096325139885,0.0,0.0,generic,generic
198,bc5fc0ad-78cd-4775-bb9e-b0e73d32d40c,d3d238ca-e750-4c2d-a21b-9b6794143385,515,148,false,0.04918352115711414,0.3990000000000003,0.2644772612998237,0.013007922976715483,0.0,0.0,generic,generic
331,0f960723-5f75-4e64-946c-37d2bc4098da,d3d238ca-e750-4c2d-a21b-9b6794143385,1431,148,false,0.04930769249710129,0.5910000000000004,0.13945685621505072,0.006876295782864189,0.0,0.0,generic,generic
80,b0ce6adc-3f6f-4ff8-9b66-0a569c36e49b,d3d238ca-e750-4c2d-a21b-9b6794143385,1165,148,false,0.0490888743798648,0.2760000000000002,0.3985190410845139,0.019562851145781882,0.0,0.0,generic,generic
51,b0ce6adc-3f6f-4ff8-9b66-0a569c36e49b,d3d238ca-e750-4c2d-a21b-9b6794143385,971,148,false,0.049040725409709635,0.20700000000000013,0.5015760690660552,0.02459765427514997,0.0,0.0,generic,generic
795,0f960723-5f75-4e64-946c-37d2bc4098da,cacfbb16-d74a-498b-ae02-6326bee90a31,2177,154,false,0.049992000959904005,0.4890000000000004,0.19592957412690912,0.009794911457826024,0.0,0.0,generic,generic
490,0f960723-5f75-4e64-946c-37d2bc4098da,d3d238ca-e750-4c2d-a21b-9b6794143385,1731,148,false,0.0495795486797204,0.9870000000000008,0.037253849396215705,0.0018470290396466488,0.0,0.0,generic,generic
143,8a7898ba-6cf3-426f-8995-b60d81dfd640,d3d238ca-e750-4c2d-a21b-9b6794143385,1074,148,false,0.049164175857805144,0.3750000000000003,0.28650479686018987,0.014085772216939114,0.0,0.0,generic,generic
508,0f960723-5f75-4e64-946c-37d2bc4098da,d3d238ca-e750-4c2d-a21b-9b6794143385,1753,148,false,0.04960119053915964,1.02,0.033373269960326066,0.0016553539222169459,0.0,0.0,generic,generic
667,27bf3281-cca6-4c5e-8304-066b216843db,d3d238ca-e750-4c2d-a21b-9b6794143385,1940,148,false,0.04976708076679095,1.2629999999999912,0.014846368338087267,0.0007388604121751169,0.0,0.0,generic,generic
330,82be0088-d913-4847-821b-f1abd03e1d99,d3d238ca-e750-4c2d-a21b-9b6794143385,1418,148,false,0.04930574749826978,0.5880000000000004,0.14085842092104478,0.0069451297349380344,0.0,0.0,generic,generic
284,0f960723-5f75-4e64-946c-37d2bc4098da,d3d238ca-e750-4c2d-a21b-9b6794143385,1363,148,false,0.049261054838533096,0.5190000000000003,0.17728440996987757,0.008733217041543123,0.0,0.0,generic,generic
684,bc5fc0ad-78cd-4775-bb9e-b0e73d32d40c,cacfbb16-d74a-498b-ae02-6326bee90a31,1959,154,false,0.0497888866935715,0.20400000000000013,0.5066169923655893,0.025223896029928305,0.0,0.0,generic,generic
723,33d52ebf-78fb-4a56-8322-754b3df44f73,8cb7e6e8-ec01-4342-990f-0b4a67b21158,2006,149,true,0.04992411231601641,0.001,0.9966722160545233,0.04975797565655899,0.0,0.0,generic,generic
419,5a98df98-49c8-409a-b9cc-29c578c7bb25,d3d238ca-e750-4c2d-a21b-9b6794143385,1387,148,false,0.04950885263241051,0.8850000000000007,0.05233970594843227,0.0025912787886246333,0.0,0.0,generic,generic
650,5a98df98-49c8-409a-b9cc-29c578c7bb25,d3d238ca-e750-4c2d-a21b-9b6794143385,1687,148,false,0.04975123390443097,1.238999999999992,0.016082878822588846,0.0008001430661592371,0.0,0.0,generic,generic
367,bc5fc0ad-78cd-4775-bb9e-b0e73d32d40c,d3d238ca-e750-4c2d-a21b-9b6794143385,1464,148,false,0.04937391388544547,0.6900000000000005,0.10025884372280357,0.004950171516224039,0.0,0.0,generic,generic
186,1d937a0a-1d3b-4853-aba6-2ab7a8b63234,d3d238ca-e750-4c2d-a21b-9b6794143385,1131,148,false,0.04918158594211141,0.3990000000000003,0.2644772612998237,0.013007411156351534,0.0,0.0,generic,generic
547,8a7898ba-6cf3-426f-8995-b60d81dfd640,8cb7e6e8-ec01-4342-990f-0b4a67b21158,1300,150,false,0.04963270335709544,0.13800000000000007,0.6312836455069258,0.03133231391163104,0.0,0.0,generic,generic
90,bc5fc0ad-78cd-4775-bb9e-b0e73d32d40c,d3d238ca-e750-4c2d-a21b-9b6794143385,1184,148,false,0.04911394922908615,0.3120000000000002,0.3534546819587799,0.017359555304506308,0.0,0.0,generic,generic
717,33d52ebf-78fb-4a56-8322-754b3df44f73,8cb7e6e8-ec01-4342-990f-0b4a67b21158,2076,149,true,0.049898203596872796,0.001,0.9966722160545233,0.04973215315603499,0.0,0.0,generic,generic
658,2cc94e3c-a36d-481e-bfc7-ec2a45283ccd,d3d238ca-e750-4c2d-a21b-9b6794143385,543,147,true,0.049757175295002676,0.001,0.9966722160545233,0.04959159416588369,0.0,0.0,generic,generic
316,0f960723-5f75-4e64-946c-37d2bc4098da,d3d238ca-e750-4c2d-a21b-9b6794143385,1431,148,false,0.04929602480538543,0.5730000000000004,0.14808038659546224,0.0072997744108009716,0.0,0.0,generic,generic
456,ad7701ce-b683-4d65-9795-1469ee131d17,d3d238ca-e750-4c2d-a21b-9b6794143385,1438,147,true,0.04955596090745622,0.001,0.9966722160545233,0.04939104937634571,0.0,0.0,generic,generic
52,b0ce6adc-3f6f-4ff8-9b66-0a569c36e49b,d3d238ca-e750-4c2d-a21b-9b6794143385,975,148,false,0.049040725409709635,0.20700000000000013,0.5015760690660552,0.02459765427514997,0.0,0.0,generic,generic
179,27bf3281-cca6-4c5e-8304-066b216843db,d3d238ca-e750-4c2d-a21b-9b6794143385,1111,148,false,0.04917771596894629,0.3960000000000003,0.2671353019658501,0.013137104005355275,0.0,0.0,generic,generic
515,5a98df98-49c8-409a-b9cc-29c578c7bb25,d3d238ca-e750-4c2d-a21b-9b6794143385,1613,148,false,0.04960512745279502,1.023,0.033041200375886946,0.0016390129558392108,0.0,0.0,generic,generic
369,ad7701ce-b683-4d65-9795-1469ee131d17,d3d238ca-e750-4c2d-a21b-9b6794143385,1446,147,true,0.04938756978758612,0.001,0.9966722160545233,0.04922321862574088,0.0,0.0,generic,generic
356,5a98df98-49c8-409a-b9cc-29c578c7bb25,d3d238ca-e750-4c2d-a21b-9b6794143385,1357,148,false,0.0493485729499492,0.6540000000000005,0.1130415306404497,0.00557843822118415,0.0,0.0,generic,generic
599,82be0088-d913-4847-821b-f1abd03e1d99,d3d238ca-e750-4c2d-a21b-9b6794143385,1842,148,false,0.04969584927325508,1.157999999999995,0.02106799952304178,0.0010469921287860943,0.0,0.0,generic,generic
487,1d937a0a-1d3b-4853-aba6-2ab7a8b63234,d3d238ca-e750-4c2d-a21b-9b6794143385,1474,148,false,0.04957561582507916,0.9810000000000008,0.038006427075174216,0.001884192027562724,0.0,0.0,generic,generic
85,b0ce6adc-3f6f-4ff8-9b66-0a569c36e49b,d3d238ca-e750-4c2d-a21b-9b6794143385,975,148,false,0.04910623116283093,0.3000000000000002,0.36787944117144206,0.018065172878217895,0.0,0.0,generic,generic
406,ad7701ce-b683-4d65-9795-1469ee131d17,d3d238ca-e750-4c2d-a21b-9b6794143385,1567,147,true,0.049461833837047525,0.001,0.9966722160545233,0.04929723554049076,0.0,0.0,generic,generic
643,82be0088-d913-4847-821b-f1abd03e1d99,d3d238ca-e750-4c2d-a21b-9b6794143385,1842,148,false,0.04974529393261383,1.2299999999999924,0.016572675401761664,0.0008244126091104329,0.0,0.0,generic,generic
702,a2130b83-6c1f-4a0f-8edf-19eda32111c7,e3657648-24c2-49ea-aba3-8c2d4e84777f,1194,151,true,0.04984447901419699,0.001,0.9966722160545233,0.04967860735716289,0.0,0.0,generic,generic
10,8a7898ba-6cf3-426f-8995-b60d81dfd640,e3657648-24c2-49ea-aba3-8c2d4e84777f,372,151,true,0.0487576070970755,0.001,0.9966722160545233,0.04859535231495799,0.0,0.0,generic,generic
533,ad7701ce-b683-4d65-9795-1469ee131d17,8cb7e6e8-ec01-4342-990f-0b4a67b21158,500,150,false,0.04962482139922487,0.12600000000000006,0.6570468198150566,0.03260583108425087,0.0,0.0,generic,generic
261,82be0088-d913-4847-821b-f1abd03e1d99,d3d238ca-e750-4c2d-a21b-9b6794143385,1333,148,false,0.049251349762331344,0.5040000000000003,0.18637397603940972,0.00917916988051333,0.0,0.0,generic,generic
744,bc5fc0ad-78cd-4775-bb9e-b0e73d32d40c,cacfbb16-d74a-498b-ae02-6326bee90a31,2136,154,false,0.04995004795492176,0.43200000000000033,0.23692775868212151,0.011834552908024099,0.0,0.0,generic,generic
760,0f960723-5f75-4e64-946c-37d2bc4098da,d3d238ca-e750-4c2d-a21b-9b6794143385,2149,148,false,0.04996402446385363,1.5599999999999805,0.005516564420761129,0.0002756297596753336,0.0,0.0,generic,generic
484,27bf3281-cca6-4c5e-8304-066b216843db,d3d238ca-e750-4c2d-a21b-9b6794143385,1710,148,false,0.049569717712889864,0.9720000000000008,0.039163895098986976,0.0019413432245940151,0.0,0.0,generic,generic
340,2cc94e3c-a36d-481e-bfc7-ec2a45283ccd,d3d238ca-e750-4c2d-a21b-9b6794143385,531,147,true,0.04933104445820139,0.001,0.9966722160545233,0.04916688140043979,0.0,0.0,generic,generic
329,0f960723-5f75-4e64-946c-37d2bc4098da,d3d238ca-e750-4c2d-a21b-9b6794143385,1431,148,false,0.04930574749826978,0.5880000000000004,0.14085842092104478,0.0069451297349380344,0.0,0.0,generic,generic
662,1d937a0a-1d3b-4853-aba6-2ab7a8b63234,8cb7e6e8-ec01-4342-990f-0b4a67b21158,1790,150,false,0.04976113701049849,0.32700000000000023,0.33621649370673307,0.016730515008530147,0.0,0.0,generic,generic
466,bc5fc0ad-78cd-4775-bb9e-b0e73d32d40c,d3d238ca-e750-4c2d-a21b-9b6794143385,1627,148,false,0.049561855746100315,0.9630000000000007,0.04035661327203104,0.00200014864538956,0.0,0.0,generic,generic
534,bc5fc0ad-78cd-4775-bb9e-b0e73d32d40c,d3d238ca-e750-4c2d-a21b-9b6794143385,1627,148,false,0.04962482139922487,1.0529999999999988,0.02989691443692643,0.0014836290393203816,0.0,0.0,generic,generic
645,33d52ebf-78fb-4a56-8322-754b3df44f73,cacfbb16-d74a-498b-ae02-6326bee90a31,1910,154,false,0.04974727376561152,0.14400000000000007,0.6187833918061407,0.03078278679379374,0.0,0.0,generic,generic
241,0f960723-5f75-4e64-946c-37d2bc4098da,d3d238ca-e750-4c2d-a21b-9b6794143385,1363,148,false,0.049243588454310254,0.4920000000000004,0.19398004229089166,0.009552273370922367,0.0,0.0,generic,generic
236,27bf3281-cca6-4c5e-8304-066b216843db,d3d238ca-e750-4c2d-a21b-9b6794143385,983,148,false,0.049241648509507165,0.4890000000000004,0.19592957412690912,0.009647895221774687,0.0,0.0,generic,generic
649,5a98df98-49c8-409a-b9cc-29c578c7bb25,d3d238ca-e750-4c2d-a21b-9b6794143385,1655,148,false,0.04975123390443097,1.238999999999992,0.016082878822588846,0.0008001430661592371,0.0,0.0,generic,generic
775,33d52ebf-78fb-4a56-8322-754b3df44f73,8cb7e6e8-ec01-4342-990f-0b4a67b21158,2163,149,true,0.04997800879665722,0.001,0.9966722160545233,0.0498116927813568,0.0,0.0,generic,generic
735,5a98df98-49c8-409a-b9cc-29c578c7bb25,d3d238ca-e750-4c2d-a21b-9b6794143385,1686,148,false,0.04993607926329747,1.517999999999982,0.006345559512909493,0.0003168723628066197,0.0,0.0,generic,generic
190,1d937a0a-1d3b-4853-aba6-2ab7a8b63234,d3d238ca-e750-4c2d-a21b-9b6794143385,1169,148,false,0.04918158594211141,0.3990000000000003,0.2644772612998237,0.013007411156351534,0.0,0.0,generic,generic
738,5a98df98-49c8-409a-b9cc-29c578c7bb25,d3d238ca-e750-4c2d-a21b-9b6794143385,1686,2131,false,0.049942064888621546,0.001,0.9966722160545233,0.04977586848688123,0.0,0.0,generic,generic
601,5a98df98-49c8-409a-b9cc-29c578c7bb25,d3d238ca-e750-4c2d-a21b-9b6794143385,1687,148,false,0.04969584927325508,1.157999999999995,0.02106799952304178,0.0010469921287860943,0.0,0.0,generic,generic
14,8a7898ba-6cf3-426f-8995-b60d81dfd640,e3657648-24c2-49ea-aba3-8c2d4e84777f,372,151,true,0.048820451275281625,0.001,0.9966722160545233,0.048657987361316817,0.0,0.0,generic,generic
548,1d937a0a-1d3b-4853-aba6-2ab7a8b63234,d3d238ca-e750-4c2d-a21b-9b6794143385,1519,148,false,0.04963270335709544,1.0649999999999984,0.028724639654239575,0.0014256815189983333,0.0,0.0,generic,generic
543,ad7701ce-b683-4d65-9795-1469ee131d17,8cb7e6e8-ec01-4342-990f-0b4a67b21158,500,150,false,0.049628762065204064,0.13200000000000006,0.6440364210831412,0.031962730303260786,0.0,0.0,generic,generic
357,82be0088-d913-4847-821b-f1abd03e1d99,d3d238ca-e750-4c2d-a21b-9b6794143385,1452,148,false,0.049350521329113564,0.6570000000000005,0.11191674861732868,0.00552314988972452,0.0,0.0,generic,generic
403,bc5fc0ad-78cd-4775-bb9e-b0e73d32d40c,d3d238ca-e750-4c2d-a21b-9b6794143385,1472,148,false,0.04945204949369707,0.8010000000000006,0.06925222530934584,0.0034246644735464312,0.0,0.0,generic,generic
592,27bf3281-cca6-4c5e-8304-066b216843db,d3d238ca-e750-4c2d-a21b-9b6794143385,1853,148,false,0.049685972134275336,1.1459999999999955,0.021927800894261943,0.0010895041041982367,0.0,0.0,generic,generic
608,5a98df98-49c8-409a-b9cc-29c578c7bb25,d3d238ca-e750-4c2d-a21b-9b6794143385,1426,148,false,0.04969980122851029,1.1639999999999948,0.020650825181712913,0.0010263419067358466,0.0,0.0,generic,generic
597,bc5fc0ad-78cd-4775-bb9e-b0e73d32d40c,d3d238ca-e750-4c2d-a21b-9b6794143385,1868,148,false,0.04969584927325508,1.157999999999995,0.02106799952304178,0.0010469921287860943,0.0,0.0,generic,generic
123,2cc94e3c-a36d-481e-bfc7-ec2a45283ccd,d3d238ca-e750-4c2d-a21b-9b6794143385,996,147,true,0.04915644199857136,0.001,0.9966722160545233,0.04899285998007175,0.0,0.0,generic,generic
305,82be0088-d913-4847-821b-f1abd03e1d99,d3d238ca-e750-4c2d-a21b-9b6794143385,1333,148,false,0.04928436263432972,0.5550000000000004,0.15723716631362739,0.007749333524195225,0.0,0.0,generic,generic
574,33d52ebf-78fb-4a56-8322-754b3df44f73,8cb7e6e8-ec01-4342-990f-0b4a67b21158,1826,150,false,0.04966228301229271,0.1800000000000001,0.5488116360940262,0.027255238792140923,0.0,0.0,generic,generic
720,33d52ebf-78fb-4a56-8322-754b3df44f73,8cb7e6e8-ec01-4342-990f-0b4a67b21158,2076,149,true,0.049904180144925946,0.001,0.9966722160545233,0.049738109815427485,0.0,0.0,generic,generic
757,0f960723-5f75-4e64-946c-37d2bc4098da,cacfbb16-d74a-498b-ae02-6326bee90a31,2149,154,false,0.04996202734086113,0.45000000000000034,0.22313016014842957,0.01114803516190656,0.0,0.0,generic,generic
197,bc5fc0ad-78cd-4775-bb9e-b0e73d32d40c,d3d238ca-e750-4c2d-a21b-9b6794143385,616,148,false,0.04918352115711414,0.3990000000000003,0.2644772612998237,0.013007922976715483,0.0,0.0,generic,generic
233,0f960723-5f75-4e64-946c-37d2bc4098da,d3d238ca-e750-4c2d-a21b-9b6794143385,1266,148,false,0.04923970871754882,0.4860000000000004,0.19789869908361443,0.009744474298459021,0.0,0.0,generic,generic
196,27bf3281-cca6-4c5e-8304-066b216843db,d3d238ca-e750-4c2d-a21b-9b6794143385,1111,148,false,0.04918352115711414,0.3990000000000003,0.2644772612998237,0.013007922976715483,0.0,0.0,generic,generic
408,ad7701ce-b683-4d65-9795-1469ee131d17,d3d238ca-e750-4c2d-a21b-9b6794143385,1567,147,true,0.04946379117035708,0.001,0.9966722160545233,0.049299186360217954,0.0,0.0,generic,generic
324,0f960723-5f75-4e64-946c-37d2bc4098da,d3d238ca-e750-4c2d-a21b-9b6794143385,1434,148,false,0.04930185796091586,0.5820000000000004,0.1437039497777027,0.007084871720362885,0.0,0.0,generic,generic
705,bc5fc0ad-78cd-4775-bb9e-b0e73d32d40c,8cb7e6e8-ec01-4342-990f-0b4a67b21158,2020,150,false,0.049848454645139394,0.45900000000000035,0.21653566731600682,0.010793968391256958,0.0,0.0,generic,generic
505,2cc94e3c-a36d-481e-bfc7-ec2a45283ccd,d3d238ca-e750-4c2d-a21b-9b6794143385,543,147,true,0.04959528634029044,0.001,0.9966722160545233,0.0494302439426359,0.0,0.0,generic,generic
698,33d52ebf-78fb-4a56-8322-754b3df44f73,cacfbb16-d74a-498b-ae02-6326bee90a31,2006,154,false,0.04983255592542163,0.2640000000000002,0.4147829116815811,0.020669692643281612,0.0,0.0,generic,generic
736,5a98df98-49c8-409a-b9cc-29c578c7bb25,8cb7e6e8-ec01-4342-990f-0b4a67b21158,1686,150,false,0.04993607926329747,0.5880000000000004,0.14085842092104478,0.0070339172720162105,0.0,0.0,generic,generic
54,b0ce6adc-3f6f-4ff8-9b66-0a569c36e49b,d3d238ca-e750-4c2d-a21b-9b6794143385,758,148,false,0.04904457385106931,0.21300000000000013,0.4916441974609648,0.024112480150823994,0.0,0.0,generic,generic
606,5a98df98-49c8-409a-b9cc-29c578c7bb25,d3d238ca-e750-4c2d-a21b-9b6794143385,1687,148,false,0.049697825172316565,1.160999999999995,0.02085836942521507,0.0010366155970739316,0.0,0.0,generic,generic
62,b0ce6adc-3f6f-4ff8-9b66-0a569c36e49b,d3d238ca-e750-4c2d-a21b-9b6794143385,1081,148,false,0.04904842289649648,0.21900000000000014,0.48190899009020216,0.023636875943567767,0.0,0.0,generic,generic
205,1d937a0a-1d3b-4853-aba6-2ab7a8b63234,d3d238ca-e750-4c2d-a21b-9b6794143385,1131,148,false,0.049185456524420954,0.4020000000000003,0.26184566858032576,0.012878998748065551,0.0,0.0,generic,generic
327,0f960723-5f75-4e64-946c-37d2bc4098da,d3d238ca-e750-4c2d-a21b-9b6794143385,1431,148,false,0.04930380265288069,0.5850000000000004,0.14227407158651337,0.007014652748123275,0.0,0.0,generic,generic
682,5a98df98-49c8-409a-b9cc-29c578c7bb25,d3d238ca-e750-4c2d-a21b-9b6794143385,1426,148,false,0.049786903546980954,1.2929999999999902,0.013433549594245742,0.0006688148379422979,0.0,0.0,generic,generic
483,33d52ebf-78fb-4a56-8322-754b3df44f73,8cb7e6e8-ec01-4342-990f-0b4a67b21158,1715,150,false,0.049569717712889864,0.042,0.8693582353988059,0.04309384232009486,0.0,0.0,generic,generic
122,1d937a0a-1d3b-4853-aba6-2ab7a8b63234,d3d238ca-e750-4c2d-a21b-9b6794143385,1131,148,false,0.04915644199857136,0.36600000000000027,0.29523016692401394,0.014512464576628832,0.0,0.0,generic,generic
58,b0ce6adc-3f6f-4ff8-9b66-0a569c36e49b,d3d238ca-e750-4c2d-a21b-9b6794143385,971,148,false,0.04904649829826557,0.21600000000000014,0.4867522559599714,0.023873493693617666,0.0,0.0,generic,generic
596,27bf3281-cca6-4c5e-8304-066b216843db,d3d238ca-e750-4c2d-a21b-9b6794143385,1853,148,false,0.04969387353130709,1.1549999999999951,0.02127973643837751,0.001057472531348279,0.0,0.0,generic,generic
615,5a98df98-49c8-409a-b9cc-29c578c7bb25,d3d238ca-e750-4c2d-a21b-9b6794143385,1687,148,false,0.049703753812369425,1.1699999999999946,0.02024191144580475,0.0010060989831940622,0.0,0.0,generic,generic
710,bc5fc0ad-78cd-4775-bb9e-b0e73d32d40c,cacfbb16-d74a-498b-ae02-6326bee90a31,2020,154,false,0.049858396497721606,0.3030000000000002,0.36421897957152305,0.018159374295472562,0.0,0.0,generic,generic
385,bc5fc0ad-78cd-4775-bb9e-b0e73d32d40c,d3d238ca-e750-4c2d-a21b-9b6794143385,1472,148,false,0.049436402593627506,0.7800000000000006,0.07427357821433374,0.003671818514673084,0.0,0.0,generic,generic
321,0f960723-5f75-4e64-946c-37d2bc4098da,d3d238ca-e750-4c2d-a21b-9b6794143385,1434,148,false,0.04929991342235714,0.5790000000000004,0.1451481984836235,0.0071557936186537495,0.0,0.0,generic,generic
318,0f960723-5f75-4e64-946c-37d2bc4098da,d3d238ca-e750-4c2d-a21b-9b6794143385,1434,148,false,0.04929796903718638,0.5760000000000004,0.14660696213034993,0.007227425479737947,0.0,0.0,generic,generic
87,b0ce6adc-3f6f-4ff8-9b66-0a569c36e49b,d3d238ca-e750-4c2d-a21b-9b6794143385,975,148,false,0.049110089892712726,0.3060000000000002,0.360594940173078,0.01770884992675723,0.0,0.0,generic,generic
317,82be0088-d913-4847-821b-f1abd03e1d99,d3d238ca-e750-4c2d-a21b-9b6794143385,1418,148,false,0.04929602480538543,0.5730000000000004,0.14808038659546224,0.0072997744108009716,0.0,0.0,generic,generic
248,27bf3281-cca6-4c5e-8304-066b216843db,d3d238ca-e750-4c2d-a21b-9b6794143385,1358,148,false,0.04924552855197614,0.4950000000000004,0.19204990862075388,0.009457599258387744,0.0,0.0,generic,generic
589,5a98df98-49c8-409a-b9cc-29c578c7bb25,d3d238ca-e750-4c2d-a21b-9b6794143385,1161,148,false,0.049680047735275304,1.1369999999999958,0.022595601851122176,0.0011225505785710248,0.0,0.0,generic,generic
202,bc5fc0ad-78cd-4775-bb9e-b0e73d32d40c,d3d238ca-e750-4c2d-a21b-9b6794143385,653,148,false,0.04918352115711414,0.3990000000000003,0.2644772612998237,0.013007922976715483,0.0,0.0,generic,generic
455,27bf3281-cca6-4c5e-8304-066b216843db,d3d238ca-e750-4c2d-a21b-9b6794143385,1690,148,false,0.049553996272847047,0.9540000000000007,0.04158565512117307,0.002060735398878513,0.0,0.0,generic,generic
160,1d937a0a-1d3b-4853-aba6-2ab7a8b63234,d3d238ca-e750-4c2d-a21b-9b6794143385,982,148,false,0.049166109702879796,0.3780000000000003,0.2836540264997701,0.01394616498455127,0.0,0.0,generic,generic
591,82be0088-d913-4847-821b-f1abd03e1d99,d3d238ca-e750-4c2d-a21b-9b6794143385,1842,148,false,0.049682022377953355,1.1399999999999957,0.022370771856165917,0.0011114251879701241,0.0,0.0,generic,generic
289,0f960723-5f75-4e64-946c-37d2bc4098da,d3d238ca-e750-4c2d-a21b-9b6794143385,1384,148,false,0.04926299631277767,0.5220000000000004,0.17552040061699664,0.008646660848412365,0.0,0.0,generic,generic
49,b0ce6adc-3f6f-4ff8-9b66-0a569c36e49b,d3d238ca-e750-4c2d-a21b-9b6794143385,949,148,false,0.049040725409709635,0.20700000000000013,0.5015760690660552,0.02459765427514997,0.0,0.0,generic,generic
664,2cc94e3c-a36d-481e-bfc7-ec2a45283ccd,d3d238ca-e750-4c2d-a21b-9b6794143385,543,147,true,0.0497631181048373,0.001,0.9966722160545233,0.04959751719933116,0.0,0.0,generic,generic
693,2cc94e3c-a36d-481e-bfc7-ec2a45283ccd,e3657648-24c2-49ea-aba3-8c2d4e84777f,266,151,true,0.04980475755579566,0.001,0.9966722160545233,0.04963901808319312,0.0,0.0,generic,generic
503,0f960723-5f75-4e64-946c-37d2bc4098da,d3d238ca-e750-4c2d-a21b-9b6794143385,1753,148,false,0.04959528634029044,1.0110000000000003,0.03438963734347267,0.001705563911188272,0.0,0.0,generic,generic
632,41f3bb2f-cb0f-4af5-91c4-9125ab4d7165,d3d238ca-e750-4c2d-a21b-9b6794143385,1423,147,true,0.04973341824321097,0.001,0.9966722160545233,0.04956791617242753,0.0,0.0,generic,generic
631,5a98df98-49c8-409a-b9cc-29c578c7bb25,d3d238ca-e750-4c2d-a21b-9b6794143385,1655,148,false,0.04973341824321097,1.211999999999993,0.0175974724156238,0.0008751824556695864,0.0,0.0,generic,generic
396,bc5fc0ad-78cd-4775-bb9e-b0e73d32d40c,d3d238ca-e750-4c2d-a21b-9b6794143385,1472,148,false,0.04944422480575069,0.7920000000000006,0.07136126955638593,0.0035284026543697185,0.0,0.0,generic,generic
581,5a98df98-49c8-409a-b9cc-29c578c7bb25,d3d238ca-e750-4c2d-a21b-9b6794143385,1161,148,false,0.04966622963046381,1.1159999999999966,0.024233967845691394,0.0012036098118813853,0.0,0.0,generic,generic
131,8a7898ba-6cf3-426f-8995-b60d81dfd640,d3d238ca-e750-4c2d-a21b-9b6794143385,1074,148,false,0.04915837523525598,0.36600000000000027,0.29523016692401394,0.014513035326417935,0.0,0.0,generic,generic
570,b0ce6adc-3f6f-4ff8-9b66-0a569c36e49b,8cb7e6e8-ec01-4342-990f-0b4a67b21158,1622,150,false,0.0496543916573451,0.1680000000000001,0.5712090638488146,0.02836303857457449,0.0,0.0,generic,generic
563,8a7898ba-6cf3-426f-8995-b60d81dfd640,8cb7e6e8-ec01-4342-990f-0b4a67b21158,1074,150,false,0.049644530989734224,0.15600000000000008,0.5945205479701942,0.029514693767740078,0.0,0.0,generic,generic
373,ad7701ce-b683-4d65-9795-1469ee131d17,d3d238ca-e750-4c2d-a21b-9b6794143385,1446,147,true,0.04939537655240364,0.001,0.9966722160545233,0.04923099941133177,0.0,0.0,generic,generic
53,b0ce6adc-3f6f-4ff8-9b66-0a569c36e49b,d3d238ca-e750-4c2d-a21b-9b6794143385,758,148,false,0.049042649554889926,0.21000000000000013,0.49658530379140925,0.024353859027950637,0.0,0.0,generic,generic
492,0f960723-5f75-4e64-946c-37d2bc4098da,d3d238ca-e750-4c2d-a21b-9b6794143385,1731,148,false,0.04958348215841357,0.9930000000000008,0.036516173753740305,0.0018105990498121123,0.0,0.0,generic,generic
286,0f960723-5f75-4e64-946c-37d2bc4098da,d3d238ca-e750-4c2d-a21b-9b6794143385,1384,148,false,0.049261054838533096,0.5190000000000003,0.17728440996987757,0.008733217041543123,0.0,0.0,generic,generic
617,5a98df98-49c8-409a-b9cc-29c578c7bb25,d3d238ca-e750-4c2d-a21b-9b6794143385,1687,148,false,0.049705730340072335,1.1729999999999945,0.02004050106168438,0.000996127741652017,0.0,0.0,generic,generic
536,82be0088-d913-4847-821b-f1abd03e1d99,d3d238ca-e750-4c2d-a21b-9b6794143385,1572,148,false,0.04962482139922487,1.0529999999999988,0.02989691443692643,0.0014836290393203816,0.0,0.0,generic,generic
626,82be0088-d913-4847-821b-f1abd03e1d99,d3d238ca-e750-4c2d-a21b-9b6794143385,1842,148,false,0.049723526165975473,1.1969999999999936,0.018499714119819634,0.0009198710190999175,0.0,0.0,generic,generic
181,27bf3281-cca6-4c5e-8304-066b216843db,d3d238ca-e750-4c2d-a21b-9b6794143385,983,148,false,0.049179650879394785,0.3960000000000003,0.2671353019658501,0.013137620888242212,0.0,0.0,generic,generic
594,27bf3281-cca6-4c5e-8304-066b216843db,d3d238ca-e750-4c2d-a21b-9b6794143385,1853,148,false,0.049689922518676634,1.1519999999999953,0.021493601345090256,0.0010680153854848587,0.0,0.0,generic,generic
446,27bf3281-cca6-4c5e-8304-066b216843db,d3d238ca-e750-4c2d-a21b-9b6794143385,1690,148,false,0.04954810330357672,0.9450000000000007,0.04285212686704007,0.0021232416087860768,0.0,0.0,generic,generic
725,27bf3281-cca6-4c5e-8304-066b216843db,cacfbb16-d74a-498b-ae02-6326bee90a31,2116,154,false,0.04992610640889733,0.4050000000000003,0.25924026064589123,0.012942856838477044,0.0,0.0,generic,generic
642,5a98df98-49c8-409a-b9cc-29c578c7bb25,d3d238ca-e750-4c2d-a21b-9b6794143385,1655,148,false,0.04974529393261383,1.2299999999999924,0.016572675401761664,0.0008244126091104329,0.0,0.0,generic,generic
771,82be0088-d913-4847-821b-f1abd03e1d99,cacfbb16-d74a-498b-ae02-6326bee90a31,1892,154,false,0.04997201455272353,0.46200000000000035,0.21438110142697772,0.01071305552033783,0.0,0.0,generic,generic
56,b0ce6adc-3f6f-4ff8-9b66-0a569c36e49b,d3d238ca-e750-4c2d-a21b-9b6794143385,949,148,false,0.04904649829826557,0.21600000000000014,0.4867522559599714,0.023873493693617666,0.0,0.0,generic,generic
797,bc5fc0ad-78cd-4775-bb9e-b0e73d32d40c,cacfbb16-d74a-498b-ae02-6326bee90a31,2169,154,false,0.0499940004799712,0.4920000000000004,0.19398004229089166,0.009697838327395672,0.0,0.0,generic,generic
425,0f960723-5f75-4e64-946c-37d2bc4098da,d3d238ca-e750-4c2d-a21b-9b6794143385,1653,148,false,0.04953239556901615,0.9210000000000007,0.046421154857431146,0.002299351005168835,0.0,0.0,generic,generic
429,ad7701ce-b683-4d65-9795-1469ee131d17,d3d238ca-e750-4c2d-a21b-9b6794143385,1438,147,true,0.04953828480220562,0.001,0.9966722160545233,0.04937343209335439,0.0,0.0,generic,generic
60,b0ce6adc-3f6f-4ff8-9b66-0a569c36e49b,d3d238ca-e750-4c2d-a21b-9b6794143385,665,148,false,0.04904842289649648,0.21900000000000014,0.48190899009020216,0.023636875943567767,0.0,0.0,generic,generic
220,bc5fc0ad-78cd-4775-bb9e-b0e73d32d40c,d3d238ca-e750-4c2d-a21b-9b6794143385,616,148,false,0.04921256766871939,0.44400000000000034,0.2276376883838125,0.01120263514353923,0.0,0.0,generic,generic
308,82be0088-d913-4847-821b-f1abd03e1d99,d3d238ca-e750-4c2d-a21b-9b6794143385,1418,148,false,0.04928824941151683,0.5610000000000004,0.1541236618151312,0.007596485483760459,0.0,0.0,generic,generic
734,1d937a0a-1d3b-4853-aba6-2ab7a8b63234,cacfbb16-d74a-498b-ae02-6326bee90a31,2088,154,false,0.04993607926329747,0.4170000000000003,0.24907530463166794,0.012437844154616934,0.0,0.0,generic,generic
67,b0ce6adc-3f6f-4ff8-9b66-0a569c36e49b,d3d238ca-e750-4c2d-a21b-9b6794143385,665,148,false,0.04905227254613337,0.22500000000000014,0.47236655274101447,0.023170652886729724,0.0,0.0,generic,generic
215,bc5fc0ad-78cd-4775-bb9e-b0e73d32d40c,d3d238ca-e750-4c2d-a21b-9b6794143385,616,148,false,0.04918739204404983,0.4050000000000003,0.25924026064589123,0.012751352333991115,0.0,0.0,generic,generic
404,bc5fc0ad-78cd-4775-bb9e-b0e73d32d40c,d3d238ca-e750-4c2d-a21b-9b6794143385,1472,148,false,0.049454006052668795,0.8040000000000006,0.06856315415427779,0.0033907226405357174,0.0,0.0,generic,generic
612,bc5fc0ad-78cd-4775-bb9e-b0e73d32d40c,8cb7e6e8-ec01-4342-990f-0b4a67b21158,1868,150,false,0.049703753812369425,0.24300000000000016,0.4448580662229409,0.02211111580499179,0.0,0.0,generic,generic
665,1d937a0a-1d3b-4853-aba6-2ab7a8b63234,8cb7e6e8-ec01-4342-990f-0b4a67b21158,1790,150,false,0.04976509935692851,0.33300000000000024,0.32955896107518884,0.016400534441872908,0.0,0.0,generic,generic
544,8a7898ba-6cf3-426f-8995-b60d81dfd640,8cb7e6e8-ec01-4342-990f-0b4a67b21158,1300,150,false,0.049628762065204064,0.13200000000000006,0.6440364210831412,0.031962730303260786,0.0,0.0,generic,generic
168,bc5fc0ad-78cd-4775-bb9e-b0e73d32d40c,d3d238ca-e750-4c2d-a21b-9b6794143385,944,148,false,0.04916804370009683,0.3810000000000003,0.2808316217783795,0.013807941451968429,0.0,0.0,generic,generic
364,5a98df98-49c8-409a-b9cc-29c578c7bb25,d3d238ca-e750-4c2d-a21b-9b6794143385,1357,148,false,0.04936611390294974,0.6780000000000005,0.10435048475476486,0.005151377916231742,0.0,0.0,generic,generic
431,2cc94e3c-a36d-481e-bfc7-ec2a45283ccd,d3d238ca-e750-4c2d-a21b-9b6794143385,1492,147,true,0.04953828480220562,0.001,0.9966722160545233,0.04937343209335439,0.0,0.0,generic,generic
479,33d52ebf-78fb-4a56-8322-754b3df44f73,8cb7e6e8-ec01-4342-990f-0b4a67b21158,1715,149,true,0.049567751987358556,0.001,0.9966722160545233,0.04940280121808165,0.0,0.0,generic,generic
75,b0ce6adc-3f6f-4ff8-9b66-0a569c36e49b,d3d238ca-e750-4c2d-a21b-9b6794143385,1165,148,false,0.049079237023421325,0.2640000000000002,0.4147829116815811,0.020357228835685155,0.0,0.0,generic,generic
111,bc5fc0ad-78cd-4775-bb9e-b0e73d32d40c,d3d238ca-e750-4c2d-a21b-9b6794143385,890,148,false,0.049137117991662,0.34500000000000025,0.31663676937905294,0.015558618297477192,0.0,0.0,generic,generic
718,33d52ebf-78fb-4a56-8322-754b3df44f73,8cb7e6e8-ec01-4342-990f-0b4a67b21158,2076,149,true,0.04990019562049117,0.001,0.9966722160545233,0.04973413855062915,0.0,0.0,generic,generic
607,bc5fc0ad-78cd-4775-bb9e-b0e73d32d40c,d3d238ca-e750-4c2d-a21b-9b6794143385,1868,148,false,0.04969980122851029,1.1639999999999948,0.020650825181712913,0.0010263419067358466,0.0,0.0,generic,generic
801,bc5fc0ad-78cd-4775-bb9e-b0e73d32d40c,cacfbb16-d74a-498b-ae02-6326bee90a31,2132,154,false,0.049998,0.4980000000000004,0.19013898010152028,0.00950656872711581,0.0,0.0,generic,generic
517,82be0088-d913-4847-821b-f1abd03e1d99,d3d238ca-e750-4c2d-a21b-9b6794143385,1572,148,false,0.04960709614398529,1.0259999999999998,0.03271243493901983,0.0016227689051238204,0.0,0.0,generic,generic
66,b0ce6adc-3f6f-4ff8-9b66-0a569c36e49b,d3d238ca-e750-4c2d-a21b-9b6794143385,971,148,false,0.04905034764577982,0.22200000000000014,0.4771139155210341,0.023402603422945947,0.0,0.0,generic,generic
598,1d937a0a-1d3b-4853-aba6-2ab7a8b63234,d3d238ca-e750-4c2d-a21b-9b6794143385,1689,148,false,0.04969584927325508,1.157999999999995,0.02106799952304178,0.0010469921287860943,0.0,0.0,generic,generic
280,82be0088-d913-4847-821b-f1abd03e1d99,d3d238ca-e750-4c2d-a21b-9b6794143385,1287,148,false,0.04925911351731405,0.5160000000000003,0.179066147911493,0.008820639707080382,0.0,0.0,generic,generic
729,27bf3281-cca6-4c5e-8304-066b216843db,d3d238ca-e750-4c2d-a21b-9b6794143385,2116,148,false,0.04992810066108583,1.5059999999999825,0.006604526709315192,0.00032975147436151885,0.0,0.0,generic,generic
656,1d937a0a-1d3b-4853-aba6-2ab7a8b63234,8cb7e6e8-ec01-4342-990f-0b4a67b21158,1790,150,false,0.049757175295002676,0.32100000000000023,0.3430085174187064,0.017067134928881553,0.0,0.0,generic,generic
754,82be0088-d913-4847-821b-f1abd03e1d99,d3d238ca-e750-4c2d-a21b-9b6794143385,1892,148,false,0.049958033573812066,1.5509999999999808,0.0056845688192199584,0.0002839898799232359,0.0,0.0,generic,generic
742,bc5fc0ad-78cd-4775-bb9e-b0e73d32d40c,d3d238ca-e750-4c2d-a21b-9b6794143385,2136,148,false,0.049948051949089196,1.5359999999999814,0.005976022895006314,0.00029849070200872177,0.0,0.0,generic,generic
374,ad7701ce-b683-4d65-9795-1469ee131d17,d3d238ca-e750-4c2d-a21b-9b6794143385,1446,147,true,0.04939732862926421,0.001,0.9966722160545233,0.049232944992102304,0.0,0.0,generic,generic
141,2cc94e3c-a36d-481e-bfc7-ec2a45283ccd,d3d238ca-e750-4c2d-a21b-9b6794143385,996,147,true,0.04916030862401118,0.001,0.9966722160545233,0.04899671373821752,0.0,0.0,generic,generic
278,0f960723-5f75-4e64-946c-37d2bc4098da,d3d238ca-e750-4c2d-a21b-9b6794143385,1363,148,false,0.04925911351731405,0.5160000000000003,0.179066147911493,0.008820639707080382,0.0,0.0,generic,generic
450,27bf3281-cca6-4c5e-8304-066b216843db,d3d238ca-e750-4c2d-a21b-9b6794143385,1683,148,false,0.04955006747092582,0.9480000000000007,0.04242574108051129,0.0021021983330433637,0.0,0.0,generic,generic
477,33d52ebf-78fb-4a56-8322-754b3df44f73,8cb7e6e8-ec01-4342-990f-0b4a67b21158,1715,150,false,0.049565786417728894,0.036,0.8869204367171575,0.04396090893584146,0.0,0.0,generic,generic
135,1d937a0a-1d3b-4853-aba6-2ab7a8b63234,d3d238ca-e750-4c2d-a21b-9b6794143385,1169,148,false,0.04915837523525598,0.36600000000000027,0.29523016692401394,0.014513035326417935,0.0,0.0,generic,generic
644,5a98df98-49c8-409a-b9cc-29c578c7bb25,d3d238ca-e750-4c2d-a21b-9b6794143385,1687,148,false,0.04974529393261383,1.2299999999999924,0.016572675401761664,0.0008244126091104329,0.0,0.0,generic,generic
138,bc5fc0ad-78cd-4775-bb9e-b0e73d32d40c,d3d238ca-e750-4c2d-a21b-9b6794143385,653,148,false,0.04915837523525598,0.36600000000000027,0.29523016692401394,0.014513035326417935,0.0,0.0,generic,generic
555,8a7898ba-6cf3-426f-8995-b60d81dfd640,8cb7e6e8-ec01-4342-990f-0b4a67b21158,1074,150,false,0.04964058781921131,0.15000000000000008,0.6065306597126332,0.03010853847850914,0.0,0.0,generic,generic
655,2cc94e3c-a36d-481e-bfc7-ec2a45283ccd,d3d238ca-e750-4c2d-a21b-9b6794143385,543,147,true,0.049755194673808005,0.001,0.9966722160545233,0.04958962013576844,0.0,0.0,generic,generic
107,bc5fc0ad-78cd-4775-bb9e-b0e73d32d40c,d3d238ca-e750-4c2d-a21b-9b6794143385,1178,148,false,0.04913132375193567,0.33600000000000024,0.32627979462303924,0.01603055822333962,0.0,0.0,generic,generic
541,82be0088-d913-4847-821b-f1abd03e1d99,d3d238ca-e750-4c2d-a21b-9b6794143385,1572,148,false,0.049626791653984766,1.0559999999999987,0.029599435167892117,0.0014689250021526117,0.0,0.0,generic,generic
170,0f960723-5f75-4e64-946c-37d2bc4098da,d3d238ca-e750-4c2d-a21b-9b6794143385,1144,148,false,0.04917578121074795,0.3930000000000003,0.2698200563846866,0.013268612059045023,0.0,0.0,generic,generic
238,27bf3281-cca6-4c5e-8304-066b216843db,d3d238ca-e750-4c2d-a21b-9b6794143385,1349,148,false,0.049241648509507165,0.4890000000000004,0.19592957412690912,0.009647895221774687,0.0,0.0,generic,generic
564,b0ce6adc-3f6f-4ff8-9b66-0a569c36e49b,8cb7e6e8-ec01-4342-990f-0b4a67b21158,1622,150,false,0.049644530989734224,0.15600000000000008,0.5945205479701942,0.029514693767740078,0.0,0.0,generic,generic
609,82be0088-d913-4847-821b-f1abd03e1d99,d3d238ca-e750-4c2d-a21b-9b6794143385,1842,148,false,0.04969980122851029,1.1639999999999948,0.020650825181712913,0.0010263419067358466,0.0,0.0,generic,generic
22,a2130b83-6c1f-4a0f-8edf-19eda32111c7,d3d238ca-e750-4c2d-a21b-9b6794143385,600,148,false,0.048996511705471,0.14400000000000007,0.6187833918061407,0.030318227699780622,0.0,0.0,generic,generic
509,8a7898ba-6cf3-426f-8995-b60d81dfd640,d3d238ca-e750-4c2d-a21b-9b6794143385,1042,147,true,0.04960119053915964,0.001,0.9966722160545233,0.04943612849360689,0.0,0.0,generic,generic
391,a2130b83-6c1f-4a0f-8edf-19eda32111c7,e3657648-24c2-49ea-aba3-8c2d4e84777f,846,151,true,0.049442269020657376,0.001,0.9966722160545233,0.04927773583158249,0.0,0.0,generic,generic
288,0f960723-5f75-4e64-946c-37d2bc4098da,d3d238ca-e750-4c2d-a21b-9b6794143385,1284,148,false,0.04926299631277767,0.5220000000000004,0.17552040061699664,0.008646660848412365,0.0,0.0,generic,generic
507,0f960723-5f75-4e64-946c-37d2bc4098da,d3d238ca-e750-4c2d-a21b-9b6794143385,1753,148,false,0.049599222316677315,1.0170000000000001,0.03370867689957238,0.0016719241595429355,0.0,0.0,generic,generic
400,bc5fc0ad-78cd-4775-bb9e-b0e73d32d40c,d3d238ca-e750-4c2d-a21b-9b6794143385,1472,148,false,0.04944618074558295,0.7920000000000006,0.07136126955638593,0.0035285422327193247,0.0,0.0,generic,generic
522,2cc94e3c-a36d-481e-bfc7-ec2a45283ccd,d3d238ca-e750-4c2d-a21b-9b6794143385,1492,147,true,0.049613003155269675,0.001,0.9966722160545233,0.04944790179988268,0.0,0.0,generic,generic
113,bc5fc0ad-78cd-4775-bb9e-b0e73d32d40c,d3d238ca-e750-4c2d-a21b-9b6794143385,907,148,false,0.049137117991662,0.34500000000000025,0.31663676937905294,0.015558618297477192,0.0,0.0,generic,generic
709,bc5fc0ad-78cd-4775-bb9e-b0e73d32d40c,cacfbb16-d74a-498b-ae02-6326bee90a31,2020,154,false,0.04985640780996055,0.3000000000000002,0.36787944117144206,0.018341147443943807,0.0,0.0,generic,generic
283,0f960723-5f75-4e64-946c-37d2bc4098da,d3d238ca-e750-4c2d-a21b-9b6794143385,1367,148,false,0.049261054838533096,0.5190000000000003,0.17728440996987757,0.008733217041543123,0.0,0.0,generic,generic
309,bc5fc0ad-78cd-4775-bb9e-b0e73d32d40c,d3d238ca-e750-4c2d-a21b-9b6794143385,1406,148,false,0.04928824941151683,0.5610000000000004,0.1541236618151312,0.007596485483760459,0.0,0.0,generic,generic
55,b0ce6adc-3f6f-4ff8-9b66-0a569c36e49b,d3d238ca-e750-4c2d-a21b-9b6794143385,665,148,false,0.04904649829826557,0.21600000000000014,0.4867522559599714,0.023873493693617666,0.0,0.0,generic,generic
519,0f960723-5f75-4e64-946c-37d2bc4098da,d3d238ca-e750-4c2d-a21b-9b6794143385,1753,148,false,0.04960906499144875,1.0289999999999997,0.03238694077290707,0.001606685849677348,0.0,0.0,generic,generic
265,82be0088-d913-4847-821b-f1abd03e1d99,d3d238ca-e750-4c2d-a21b-9b6794143385,1287,148,false,0.04925329047162917,0.5070000000000003,0.18451952399298904,0.009088193712913438,0.0,0.0,generic,generic
703,a2130b83-6c1f-4a0f-8edf-19eda32111c7,e3657648-24c2-49ea-aba3-8c2d4e84777f,1194,151,true,0.04984646675039499,0.001,0.9966722160545233,0.049680588478604286,0.0,0.0,generic,generic
136,1d937a0a-1d3b-4853-aba6-2ab7a8b63234,d3d238ca-e750-4c2d-a21b-9b6794143385,1262,148,false,0.04915837523525598,0.36600000000000027,0.29523016692401394,0.014513035326417935,0.0,0.0,generic,generic
117,bc5fc0ad-78cd-4775-bb9e-b0e73d32d40c,d3d238ca-e750-4c2d-a21b-9b6794143385,1178,148,false,0.049140981577483325,0.34800000000000025,0.31348618088260505,0.0154050186395477,0.0,0.0,generic,generic
704,bc5fc0ad-78cd-4775-bb9e-b0e73d32d40c,cacfbb16-d74a-498b-ae02-6326bee90a31,2020,154,false,0.049848454645139394,0.2880000000000002,0.38289288597511173,0.019086618660476888,0.0,0.0,generic,generic
758,82be0088-d913-4847-821b-f1abd03e1d99,d3d238ca-e750-4c2d-a21b-9b6794143385,1892,148,false,0.04996202734086113,1.5569999999999806,0.005572006814920354,0.00027838875683051527,0.0,0.0,generic,generic
557,b0ce6adc-3f6f-4ff8-9b66-0a569c36e49b,8cb7e6e8-ec01-4342-990f-0b4a67b21158,1622,150,false,0.04964058781921131,0.15000000000000008,0.6065306597126332,0.03010853847850914,0.0,0.0,generic,generic
218,27bf3281-cca6-4c5e-8304-066b216843db,d3d238ca-e750-4c2d-a21b-9b6794143385,983,148,false,0.04921256766871939,0.44400000000000034,0.2276376883838125,0.01120263514353923,0.0,0.0,generic,generic
706,bc5fc0ad-78cd-4775-bb9e-b0e73d32d40c,cacfbb16-d74a-498b-ae02-6326bee90a31,2020,154,false,0.04985044269844918,0.2910000000000002,0.37908303810339855,0.018897457268927498,0.0,0.0,generic,generic
770,0f960723-5f75-4e64-946c-37d2bc4098da,8cb7e6e8-ec01-4342-990f-0b4a67b21158,2149,150,false,0.0499680191888703,0.6330000000000005,0.12123796643338147,0.006058021033162818,0.0,0.0,generic,generic
28,8a7898ba-6cf3-426f-8995-b60d81dfd640,d3d238ca-e750-4c2d-a21b-9b6794143385,799,148,false,0.04902149225894833,0.1800000000000001,0.5488116360940262,0.02690356537040407,0.0,0.0,generic,generic
776,33d52ebf-78fb-4a56-8322-754b3df44f73,8cb7e6e8-ec01-4342-990f-0b4a67b21158,2163,149,true,0.049980007197552793,0.001,0.9966722160545233,0.049813684532005964,0.0,0.0,generic,generic
84,bc5fc0ad-78cd-4775-bb9e-b0e73d32d40c,d3d238ca-e750-4c2d-a21b-9b6794143385,1184,148,false,0.04910623116283093,0.3000000000000002,0.36787944117144206,0.018065172878217895,0.0,0.0,generic,generic
203,1d937a0a-1d3b-4853-aba6-2ab7a8b63234,d3d238ca-e750-4c2d-a21b-9b6794143385,982,148,false,0.04918352115711414,0.3990000000000003,0.2644772612998237,0.013007922976715483,0.0,0.0,generic,generic
292,0f960723-5f75-4e64-946c-37d2bc4098da,d3d238ca-e750-4c2d-a21b-9b6794143385,1367,148,false,0.04926687972041577,0.5280000000000004,0.1720448638230503,0.008476113612485528,0.0,0.0,generic,generic
353,2cc94e3c-a36d-481e-bfc7-ec2a45283ccd,d3d238ca-e750-4c2d-a21b-9b6794143385,531,147,true,0.04934272873543887,0.001,0.9966722160545233,0.04917852679492706,0.0,0.0,generic,generic
232,27bf3281-cca6-4c5e-8304-066b216843db,d3d238ca-e750-4c2d-a21b-9b6794143385,983,148,false,0.04923970871754882,0.4860000000000004,0.19789869908361443,0.009744474298459021,0.0,0.0,generic,generic
240,0f960723-5f75-4e64-946c-37d2bc4098da,d3d238ca-e750-4c2d-a21b-9b6794143385,1144,148,false,0.049243588454310254,0.4920000000000004,0.19398004229089166,0.009552273370922367,0.0,0.0,generic,generic
147,1d937a0a-1d3b-4853-aba6-2ab7a8b63234,d3d238ca-e750-4c2d-a21b-9b6794143385,1262,148,false,0.049164175857805144,0.3750000000000003,0.28650479686018987,0.014085772216939114,0.0,0.0,generic,generic
415,5a98df98-49c8-409a-b9cc-29c578c7bb25,d3d238ca-e750-4c2d-a21b-9b6794143385,1387,148,false,0.0494931697710338,0.8610000000000007,0.05669892657984678,0.0028062095990517375,0.0,0.0,generic,generic
708,bc5fc0ad-78cd-4775-bb9e-b0e73d32d40c,cacfbb16-d74a-498b-ae02-6326bee90a31,2020,154,false,0.04985441928084078,0.2970000000000002,0.3715766910220454,0.018524740149200476,0.0,0.0,generic,generic
146,1d937a0a-1d3b-4853-aba6-2ab7a8b63234,d3d238ca-e750-4c2d-a21b-9b6794143385,1169,148,false,0.049164175857805144,0.3750000000000003,0.28650479686018987,0.014085772216939114,0.0,0.0,generic,generic
749,bc5fc0ad-78cd-4775-bb9e-b0e73d32d40c,d3d238ca-e750-4c2d-a21b-9b6794143385,2136,148,false,0.04995404044521664,1.544999999999981,0.0057994047268425065,0.00028970369828287113,0.0,0.0,generic,generic
628,41f3bb2f-cb0f-4af5-91c4-9125ab4d7165,d3d238ca-e750-4c2d-a21b-9b6794143385,1423,147,true,0.04972748252460971,0.001,0.9966722160545233,0.049562000206615345,0.0,0.0,generic,generic
690,bc5fc0ad-78cd-4775-bb9e-b0e73d32d40c,8cb7e6e8-ec01-4342-990f-0b4a67b21158,1464,150,false,0.049794837081404225,0.3780000000000003,0.2836540264997701,0.01412450603704037,0.0,0.0,generic,generic
390,bc5fc0ad-78cd-4775-bb9e-b0e73d32d40c,d3d238ca-e750-4c2d-a21b-9b6794143385,1373,148,false,0.049442269020657376,0.7890000000000006,0.07207846223876595,0.00356372272060436,0.0,0.0,generic,generic
380,82be0088-d913-4847-821b-f1abd03e1d99,d3d238ca-e750-4c2d-a21b-9b6794143385,1566,1573,false,0.04942467391504136,0.001,0.9966722160545233,0.04926019927867646,0.0,0.0,generic,generic
513,1d937a0a-1d3b-4853-aba6-2ab7a8b63234,d3d238ca-e750-4c2d-a21b-9b6794143385,1474,148,false,0.04960512745279502,1.023,0.033041200375886946,0.0016390129558392108,0.0,0.0,generic,generic
424,0f960723-5f75-4e64-946c-37d2bc4098da,d3d238ca-e750-4c2d-a21b-9b6794143385,1653,148,false,0.04952847019142863,0.9150000000000007,0.047358924391140804,0.0023456150750047395,0.0,0.0,generic,generic
193,bc5fc0ad-78cd-4775-bb9e-b0e73d32d40c,d3d238ca-e750-4c2d-a21b-9b6794143385,653,148,false,0.04918158594211141,0.3990000000000003,0.2644772612998237,0.013007411156351534,0.0,0.0,generic,generic
226,27bf3281-cca6-4c5e-8304-066b216843db,d3d238ca-e750-4c2d-a21b-9b6794143385,1349,148,false,0.04923582959209409,0.48000000000000037,0.20189651799465516,0.009940542555222,0.0,0.0,generic,generic
488,82be0088-d913-4847-821b-f1abd03e1d99,d3d238ca-e750-4c2d-a21b-9b6794143385,1572,148,false,0.04957561582507916,0.9810000000000008,0.038006427075174216,0.001884192027562724,0.0,0.0,generic,generic
17,ad7701ce-b683-4d65-9795-1469ee131d17,d3d238ca-e750-4c2d-a21b-9b6794143385,721,147,true,0.04891789338500984,0.001,0.9966722160545233,0.04875510520475666,0.0,0.0,generic,generic
271,82be0088-d913-4847-821b-f1abd03e1d99,d3d238ca-e750-4c2d-a21b-9b6794143385,1333,148,false,0.04925523133388018,0.5100000000000003,0.18268352405273441,0.008998119238105897,0.0,0.0,generic,generic
335,0f960723-5f75-4e64-946c-37d2bc4098da,d3d238ca-e750-4c2d-a21b-9b6794143385,1434,148,false,0.04931352841443196,0.6000000000000004,0.1353352832366125,0.006673860335363889,0.0,0.0,generic,generic
426,27bf3281-cca6-4c5e-8304-066b216843db,d3d238ca-e750-4c2d-a21b-9b6794143385,1683,148,false,0.04953435849115305,0.9240000000000007,0.04595925664904411,0.0022765622948406603,0.0,0.0,generic,generic
577,33d52ebf-78fb-4a56-8322-754b3df44f73,8cb7e6e8-ec01-4342-990f-0b4a67b21158,1826,150,false,0.049664256242971244,0.1830000000000001,0.5433508690744996,0.026985116791557066,0.0,0.0,generic,generic
89,b0ce6adc-3f6f-4ff8-9b66-0a569c36e49b,d3d238ca-e750-4c2d-a21b-9b6794143385,975,148,false,0.049112019485079046,0.3090000000000002,0.3570069605691471,0.017533332803780798,0.0,0.0,generic,generic
214,27bf3281-cca6-4c5e-8304-066b216843db,d3d238ca-e750-4c2d-a21b-9b6794143385,1111,148,false,0.04918739204404983,0.4050000000000003,0.25924026064589123,0.012751352333991115,0.0,0.0,generic,generic
714,33d52ebf-78fb-4a56-8322-754b3df44f73,8cb7e6e8-ec01-4342-990f-0b4a67b21158,2076,149,true,0.04989222848018519,0.001,0.9966722160545233,0.04972619792324477,0.0,0.0,generic,generic
48,b0ce6adc-3f6f-4ff8-9b66-0a569c36e49b,d3d238ca-e750-4c2d-a21b-9b6794143385,665,148,false,0.049040725409709635,0.20700000000000013,0.5015760690660552,0.02459765427514997,0.0,0.0,generic,generic
493,1d937a0a-1d3b-4853-aba6-2ab7a8b63234,d3d238ca-e750-4c2d-a21b-9b6794143385,1689,148,false,0.049585449131826054,0.9960000000000008,0.03615283175404633,0.00179265439991173,0.0,0.0,generic,generic
552,1d937a0a-1d3b-4853-aba6-2ab7a8b63234,d3d238ca-e750-4c2d-a21b-9b6794143385,1519,148,false,0.04963467423780479,1.0679999999999983,0.02843882471418467,0.001411551800394588,0.0,0.0,generic,generic
134,bc5fc0ad-78cd-4775-bb9e-b0e73d32d40c,d3d238ca-e750-4c2d-a21b-9b6794143385,515,148,false,0.04915837523525598,0.36600000000000027,0.29523016692401394,0.014513035326417935,0.0,0.0,generic,generic
689,bc5fc0ad-78cd-4775-bb9e-b0e73d32d40c,cacfbb16-d74a-498b-ae02-6326bee90a31,1959,154,false,0.04979086999815964,0.20700000000000013,0.5015760690660552,0.024973908849055898,0.0,0.0,generic,generic
569,5a98df98-49c8-409a-b9cc-29c578c7bb25,d3d238ca-e750-4c2d-a21b-9b6794143385,1161,148,false,0.04965241921045641,1.0949999999999973,0.025991128778755576,0.00129052242187573,0.0,0.0,generic,generic
473,82be0088-d913-4847-821b-f1abd03e1d99,d3d238ca-e750-4c2d-a21b-9b6794143385,1693,148,false,0.04956382100398233,0.9630000000000007,0.04035661327203104,0.002000227956541884,0.0,0.0,generic,generic
253,27bf3281-cca6-4c5e-8304-066b216843db,d3d238ca-e750-4c2d-a21b-9b6794143385,1358,148,false,0.049247468802522905,0.4980000000000004,0.19013898010152028,0.009363863490693142,0.0,0.0,generic,generic
64,b0ce6adc-3f6f-4ff8-9b66-0a569c36e49b,d3d238ca-e750-4c2d-a21b-9b6794143385,665,148,false,0.04905034764577982,0.22200000000000014,0.4771139155210341,0.023402603422945947,0.0,0.0,generic,generic
394,bc5fc0ad-78cd-4775-bb9e-b0e73d32d40c,d3d238ca-e750-4c2d-a21b-9b6794143385,1464,148,false,0.049442269020657376,0.7890000000000006,0.07207846223876595,0.00356372272060436,0.0,0.0,generic,generic
763,82be0088-d913-4847-821b-f1abd03e1d99,cacfbb16-d74a-498b-ae02-6326bee90a31,1892,154,false,0.04996402446385363,0.45300000000000035,0.22090997795937795,0.011037551543071726,0.0,0.0,generic,generic
575,33d52ebf-78fb-4a56-8322-754b3df44f73,8cb7e6e8-ec01-4342-990f-0b4a67b21158,1826,149,true,0.04966228301229271,0.001,0.9966722160545233,0.04949701766418868,0.0,0.0,generic,generic
410,ad7701ce-b683-4d65-9795-1469ee131d17,d3d238ca-e750-4c2d-a21b-9b6794143385,1567,147,true,0.04946574865858937,0.001,0.9966722160545233,0.049301137334352325,0.0,0.0,generic,generic
486,1d937a0a-1d3b-4853-aba6-2ab7a8b63234,d3d238ca-e750-4c2d-a21b-9b6794143385,1474,148,false,0.049573649631731616,0.9780000000000008,0.03838839801755197,0.001903052993245582,0.0,0.0,generic,generic
300,0f960723-5f75-4e64-946c-37d2bc4098da,d3d238ca-e750-4c2d-a21b-9b6794143385,1384,148,false,0.049272705980016825,0.5370000000000004,0.16696016966704047,0.008226579350377808,0.0,0.0,generic,generic
171,27bf3281-cca6-4c5e-8304-066b216843db,d3d238ca-e750-4c2d-a21b-9b6794143385,983,148,false,0.04917578121074795,0.3930000000000003,0.2698200563846866,0.013268612059045023,0.0,0.0,generic,generic
478,27bf3281-cca6-4c5e-8304-066b216843db,d3d238ca-e750-4c2d-a21b-9b6794143385,1710,148,false,0.049565786417728894,0.9660000000000007,0.03995505826065381,0.0019804038840554815,0.0,0.0,generic,generic
216,bc5fc0ad-78cd-4775-bb9e-b0e73d32d40c,d3d238ca-e750-4c2d-a21b-9b6794143385,616,148,false,0.049189327716018756,0.4080000000000003,0.2566607769535556,0.01262497106941644,0.0,0.0,generic,generic
108,bc5fc0ad-78cd-4775-bb9e-b0e73d32d40c,d3d238ca-e750-4c2d-a21b-9b6794143385,1178,148,false,0.04913325501333424,0.33900000000000025,0.32303325642225267,0.01587167536558233,0.0,0.0,generic,generic
382,bc5fc0ad-78cd-4775-bb9e-b0e73d32d40c,d3d238ca-e750-4c2d-a21b-9b6794143385,1472,148,false,0.0494305375585873,0.7710000000000006,0.07653554542391135,0.003783193152643614,0.0,0.0,generic,generic
2,8a7898ba-6cf3-426f-8995-b60d81dfd640,e3657648-24c2-49ea-aba3-8c2d4e84777f,556,151,true,0.048706309350325,0.001,0.9966722160545233,0.04854422527602557,0.0,0.0,generic,generic
27,8a7898ba-6cf3-426f-8995-b60d81dfd640,d3d238ca-e750-4c2d-a21b-9b6794143385,1074,148,false,0.04902149225894833,0.1800000000000001,0.5488116360940262,0.02690356537040407,0.0,0.0,generic,generic
124,bc5fc0ad-78cd-4775-bb9e-b0e73d32d40c,d3d238ca-e750-4c2d-a21b-9b6794143385,515,148,false,0.04915644199857136,0.36600000000000027,0.29523016692401394,0.014512464576628832,0.0,0.0,generic,generic
654,5a98df98-49c8-409a-b9cc-29c578c7bb25,d3d238ca-e750-4c2d-a21b-9b6794143385,1655,148,false,0.049755194673808005,1.244999999999992,0.01576441648485492,0.0007843616111229446,0.0,0.0,generic,generic
675,27bf3281-cca6-4c5e-8304-066b216843db,d3d238ca-e750-4c2d-a21b-9b6794143385,1940,148,false,0.04977897254021712,1.2809999999999906,0.013981783153338742,0.0006959987996533196,0.0,0.0,generic,generic
273,0f960723-5f75-4e64-946c-37d2bc4098da,d3d238ca-e750-4c2d-a21b-9b6794143385,1367,148,false,0.04925717234910244,0.5130000000000003,0.18086579261712185,0.008908937518998591,0.0,0.0,generic,generic
312,82be0088-d913-4847-821b-f1abd03e1d99,d3d238ca-e750-4c2d-a21b-9b6794143385,1024,148,false,0.04929213680182037,0.5670000000000004,0.1510718088363706,0.0074466522680608355,0.0,0.0,generic,generic
290,0f960723-5f75-4e64-946c-37d2bc4098da,d3d238ca-e750-4c2d-a21b-9b6794143385,1367,148,false,0.04926493794006586,0.5250000000000004,0.1737739434504449,0.008560962539686683,0.0,0.0,generic,generic
20,a2130b83-6c1f-4a0f-8edf-19eda32111c7,d3d238ca-e750-4c2d-a21b-9b6794143385,600,148,false,0.048992670802971726,0.13800000000000007,0.6312836455069258,0.03092827182762072,0.0,0.0,generic,generic
81,b0ce6adc-3f6f-4ff8-9b66-0a569c36e49b,d3d238ca-e750-4c2d-a21b-9b6794143385,1165,148,false,0.049090802305361586,0.2790000000000002,0.39455371037160086,0.01936895819469915,0.0,0.0,generic,generic
721,33d52ebf-78fb-4a56-8322-754b3df44f73,8cb7e6e8-ec01-4342-990f-0b4a67b21158,2006,149,true,0.04992012460810095,0.001,0.9966722160545233,0.04975400121887391,0.0,0.0,generic,generic
398,bc5fc0ad-78cd-4775-bb9e-b0e73d32d40c,d3d238ca-e750-4c2d-a21b-9b6794143385,1464,148,false,0.04944422480575069,0.7920000000000006,0.07136126955638593,0.0035284026543697185,0.0,0.0,generic,generic
9,8a7898ba-6cf3-426f-8995-b60d81dfd640,e3657648-24c2-49ea-aba3-8c2d4e84777f,372,151,true,0.048746198261789726,0.001,0.9966722160545233,0.048583981445811115,0.0,0.0,generic,generic
189,bc5fc0ad-78cd-4775-bb9e-b0e73d32d40c,d3d238ca-e750-4c2d-a21b-9b6794143385,515,148,false,0.04918158594211141,0.3990000000000003,0.2644772612998237,0.013007411156351534,0.0,0.0,generic,generic
409,5a98df98-49c8-409a-b9cc-29c578c7bb25,d3d238ca-e750-4c2d-a21b-9b6794143385,1387,148,false,0.04946574865858937,0.8190000000000006,0.06521928966812739,0.003226120990415324,0.0,0.0,generic,generic
249,0f960723-5f75-4e64-946c-37d2bc4098da,d3d238ca-e750-4c2d-a21b-9b6794143385,1144,148,false,0.049247468802522905,0.4980000000000004,0.19013898010152028,0.009363863490693142,0.0,0.0,generic,generic
395,bc5fc0ad-78cd-4775-bb9e-b0e73d32d40c,d3d238ca-e750-4c2d-a21b-9b6794143385,1373,148,false,0.04944422480575069,0.7920000000000006,0.07136126955638593,0.0035284026543697185,0.0,0.0,generic,generic
372,ad7701ce-b683-4d65-9795-1469ee131d17,d3d238ca-e750-4c2d-a21b-9b6794143385,1446,147,true,0.04939342462982384,0.001,0.9966722160545233,0.04922905398432859,0.0,0.0,generic,generic
88,bc5fc0ad-78cd-4775-bb9e-b0e73d32d40c,d3d238ca-e750-4c2d-a21b-9b6794143385,1184,148,false,0.049112019485079046,0.3090000000000002,0.3570069605691471,0.017533332803780798,0.0,0.0,generic,generic
759,0f960723-5f75-4e64-946c-37d2bc4098da,8cb7e6e8-ec01-4342-990f-0b4a67b21158,2149,150,false,0.04996402446385363,0.6270000000000004,0.12368713581745461,0.006179907079847289,0.0,0.0,generic,generic
260,82be0088-d913-4847-821b-f1abd03e1d99,d3d238ca-e750-4c2d-a21b-9b6794143385,1287,148,false,0.049251349762331344,0.5040000000000003,0.18637397603940972,0.00917916988051333,0.0,0.0,generic,generic
37,b0ce6adc-3f6f-4ff8-9b66-0a569c36e49b,d3d238ca-e750-4c2d-a21b-9b6794143385,758,148,false,0.0490272606199297,0.1890000000000001,0.532591801006897,0.026111517032002873,0.0,0.0,generic,generic
121,bc5fc0ad-78cd-4775-bb9e-b0e73d32d40c,d3d238ca-e750-4c2d-a21b-9b6794143385,890,148,false,0.04914871057218002,0.35700000000000026,0.3042212640667038,0.014952082857517174,0.0,0.0,generic,generic
311,bc5fc0ad-78cd-4775-bb9e-b0e73d32d40c,d3d238ca-e750-4c2d-a21b-9b6794143385,1373,148,false,0.04929213680182037,0.5670000000000004,0.1510718088363706,0.0074466522680608355,0.0,0.0,generic,generic
281,82be0088-d913-4847-821b-f1abd03e1d99,d3d238ca-e750-4c2d-a21b-9b6794143385,1333,148,false,0.04925911351731405,0.5160000000000003,0.179066147911493,0.008820639707080382,0.0,0.0,generic,generic
777,bc5fc0ad-78cd-4775-bb9e-b0e73d32d40c,8cb7e6e8-ec01-4342-990f-0b4a67b21158,2169,150,false,0.04998200575827249,0.6540000000000005,0.1130415306404497,0.005650042435394893,0.0,0.0,generic,generic
636,33d52ebf-78fb-4a56-8322-754b3df44f73,8cb7e6e8-ec01-4342-990f-0b4a67b21158,1910,150,false,0.04974133473934845,0.2970000000000002,0.3715766910220454,0.01848272056946701,0.0,0.0,generic,generic
620,5a98df98-49c8-409a-b9cc-29c578c7bb25,d3d238ca-e750-4c2d-a21b-9b6794143385,1655,148,false,0.049717592808298294,1.1909999999999938,0.01887343313515187,0.0009383416635081254,0.0,0.0,generic,generic
174,27bf3281-cca6-4c5e-8304-066b216843db,d3d238ca-e750-4c2d-a21b-9b6794143385,1111,148,false,0.04917578121074795,0.3930000000000003,0.2698200563846866,0.013268612059045023,0.0,0.0,generic,generic
634,41f3bb2f-cb0f-4af5-91c4-9125ab4d7165,d3d238ca-e750-4c2d-a21b-9b6794143385,1423,147,true,0.04973737617626431,0.001,0.9966722160545233,0.0495718609343348,0.0,0.0,generic,generic
496,0f960723-5f75-4e64-946c-37d2bc4098da,d3d238ca-e750-4c2d-a21b-9b6794143385,1731,148,false,0.04958741626130723,0.9990000000000008,0.0357931050676552,0.0017748876002745236,0.0,0.0,generic,generic
322,0f960723-5f75-4e64-946c-37d2bc4098da,d3d238ca-e750-4c2d-a21b-9b6794143385,1431,1439,false,0.04929991342235714,0.001,0.9966722160545233,0.049135853961956834,0.0,0.0,generic,generic
269,82be0088-d913-4847-821b-f1abd03e1d99,d3d238ca-e750-4c2d-a21b-9b6794143385,1024,148,false,0.04925523133388018,0.5100000000000003,0.18268352405273441,0.008998119238105897,0.0,0.0,generic,generic
550,5a98df98-49c8-409a-b9cc-29c578c7bb25,d3d238ca-e750-4c2d-a21b-9b6794143385,1613,148,false,0.04963270335709544,1.0649999999999984,0.028724639654239575,0.0014256815189983333,0.0,0.0,generic,generic
262,27bf3281-cca6-4c5e-8304-066b216843db,d3d238ca-e750-4c2d-a21b-9b6794143385,1358,148,false,0.049251349762331344,0.5040000000000003,0.18637397603940972,0.00917916988051333,0.0,0.0,generic,generic
320,bc5fc0ad-78cd-4775-bb9e-b0e73d32d40c,d3d238ca-e750-4c2d-a21b-9b6794143385,1373,1439,false,0.04929991342235714,0.001,0.9966722160545233,0.049135853961956834,0.0,0.0,generic,generic
765,0f960723-5f75-4e64-946c-37d2bc4098da,d3d238ca-e750-4c2d-a21b-9b6794143385,2149,148,false,0.04996602174651697,1.5629999999999804,0.005461673687641133,0.00027289810624905636,0.0,0.0,generic,generic
787,0f960723-5f75-4e64-946c-37d2bc4098da,cacfbb16-d74a-498b-ae02-6326bee90a31,2177,154,false,0.04998800239956807,0.4830000000000004,0.19988761407514427,0.009991982532032248,0.0,0.0,generic,generic
635,5a98df98-49c8-409a-b9cc-29c578c7bb25,d3d238ca-e750-4c2d-a21b-9b6794143385,1655,148,false,0.04973935537904313,1.2209999999999928,0.017077388507485202,0.0008494182959197934,0.0,0.0,generic,generic
151,1d937a0a-1d3b-4853-aba6-2ab7a8b63234,d3d238ca-e750-4c2d-a21b-9b6794143385,982,148,false,0.049164175857805144,0.3750000000000003,0.28650479686018987,0.014085772216939114,0.0,0.0,generic,generic
244,27bf3281-cca6-4c5e-8304-066b216843db,d3d238ca-e750-4c2d-a21b-9b6794143385,1358,148,false,0.049243588454310254,0.4920000000000004,0.19398004229089166,0.009552273370922367,0.0,0.0,generic,generic
434,ad7701ce-b683-4d65-9795-1469ee131d17,d3d238ca-e750-4c2d-a21b-9b6794143385,500,1691,false,0.04954221173575324,0.001,0.9966722160545233,0.04937734595891559,0.0,0.0,generic,generic
277,0f960723-5f75-4e64-946c-37d2bc4098da,d3d238ca-e750-4c2d-a21b-9b6794143385,1367,148,false,0.04925911351731405,0.5160000000000003,0.179066147911493,0.008820639707080382,0.0,0.0,generic,generic
697,2cc94e3c-a36d-481e-bfc7-ec2a45283ccd,e3657648-24c2-49ea-aba3-8c2d4e84777f,266,151,true,0.0498126967818727,0.001,0.9966722160545233,0.04964693088924109,0.0,0.0,generic,generic
377,82be0088-d913-4847-821b-f1abd03e1d99,d3d238ca-e750-4c2d-a21b-9b6794143385,1566,148,false,0.04942076559215191,0.7560000000000006,0.08045960674953229,0.0039763753648053585,0.0,0.0,generic,generic
549,1d937a0a-1d3b-4853-aba6-2ab7a8b63234,d3d238ca-e750-4c2d-a21b-9b6794143385,1689,148,false,0.04963270335709544,1.0649999999999984,0.028724639654239575,0.0014256815189983333,0.0,0.0,generic,generic
750,ad7701ce-b683-4d65-9795-1469ee131d17,e3657648-24c2-49ea-aba3-8c2d4e84777f,721,151,true,0.04995404044521664,0.001,0.9966722160545233,0.04978780419141135,0.0,0.0,generic,generic
34,8a7898ba-6cf3-426f-8995-b60d81dfd640,d3d238ca-e750-4c2d-a21b-9b6794143385,332,148,false,0.04902149225894833,0.1800000000000001,0.5488116360940262,0.02690356537040407,0.0,0.0,generic,generic
50,b0ce6adc-3f6f-4ff8-9b66-0a569c36e49b,d3d238ca-e750-4c2d-a21b-9b6794143385,1081,148,false,0.049040725409709635,0.20700000000000013,0.5015760690660552,0.02459765427514997,0.0,0.0,generic,generic
243,27bf3281-cca6-4c5e-8304-066b216843db,d3d238ca-e750-4c2d-a21b-9b6794143385,1349,148,false,0.049243588454310254,0.4920000000000004,0.19398004229089166,0.009552273370922367,0.0,0.0,generic,generic
728,27bf3281-cca6-4c5e-8304-066b216843db,cacfbb16-d74a-498b-ae02-6326bee90a31,2116,154,false,0.04992810066108583,0.4080000000000003,0.2566607769535556,0.012814585107489621,0.0,0.0,generic,generic
788,0f960723-5f75-4e64-946c-37d2bc4098da,d3d238ca-e750-4c2d-a21b-9b6794143385,2177,148,false,0.04998800239956807,1.5929999999999793,0.004941926717680159,0.00024703704462188537,0.0,0.0,generic,generic
194,1d937a0a-1d3b-4853-aba6-2ab7a8b63234,d3d238ca-e750-4c2d-a21b-9b6794143385,982,148,false,0.04918158594211141,0.3990000000000003,0.2644772612998237,0.013007411156351534,0.0,0.0,generic,generic
301,a2130b83-6c1f-4a0f-8edf-19eda32111c7,e3657648-24c2-49ea-aba3-8c2d4e84777f,846,151,true,0.04927464837279463,0.001,0.9966722160545233,0.04911067298902064,0.0,0.0,generic,generic
458,27bf3281-cca6-4c5e-8304-066b216843db,d3d238ca-e750-4c2d-a21b-9b6794143385,1710,148,false,0.04955596090745622,0.9570000000000007,0.04117187093906763,0.002040311626743268,0.0,0.0,generic,generic
572,1d937a0a-1d3b-4853-aba6-2ab7a8b63234,d3d238ca-e750-4c2d-a21b-9b6794143385,1519,148,false,0.04965636426095439,1.100999999999997,0.025476469946681256,0.0012650688717556619,0.0,0.0,generic,generic
746,bc5fc0ad-78cd-4775-bb9e-b0e73d32d40c,d3d238ca-e750-4c2d-a21b-9b6794143385,2136,148,false,0.049952044120291195,1.5419999999999812,0.005857689713335987,0.0002926035750035351,0.0,0.0,generic,generic
106,27bf3281-cca6-4c5e-8304-066b216843db,d3d238ca-e750-4c2d-a21b-9b6794143385,1051,148,false,0.04913132375193567,0.33600000000000024,0.32627979462303924,0.01603055822333962,0.0,0.0,generic,generic
600,27bf3281-cca6-4c5e-8304-066b216843db,d3d238ca-e750-4c2d-a21b-9b6794143385,1853,148,false,0.04969584927325508,1.157999999999995,0.02106799952304178,0.0010469921287860943,0.0,0.0,generic,generic
102,bc5fc0ad-78cd-4775-bb9e-b0e73d32d40c,d3d238ca-e750-4c2d-a21b-9b6794143385,890,148,false,0.0491255308785864,0.32700000000000023,0.33621649370673307,0.016516813743480165,0.0,0.0,generic,generic
259,82be0088-d913-4847-821b-f1abd03e1d99,d3d238ca-e750-4c2d-a21b-9b6794143385,1024,148,false,0.049251349762331344,0.5040000000000003,0.18637397603940972,0.00917916988051333,0.0,0.0,generic,generic
379,2cc94e3c-a36d-481e-bfc7-ec2a45283ccd,d3d238ca-e750-4c2d-a21b-9b6794143385,996,147,true,0.04942467391504136,0.001,0.9966722160545233,0.04926019927867646,0.0,0.0,generic,generic
21,a2130b83-6c1f-4a0f-8edf-19eda32111c7,d3d238ca-e750-4c2d-a21b-9b6794143385,600,148,false,0.04899459117894356,0.14100000000000007,0.6250022682827007,0.03062173062042332,0.0,0.0,generic,generic
440,2cc94e3c-a36d-481e-bfc7-ec2a45283ccd,d3d238ca-e750-4c2d-a21b-9b6794143385,1492,147,true,0.04954417543600895,0.001,0.9966722160545233,0.049379303124401114,0.0,0.0,generic,generic
192,bc5fc0ad-78cd-4775-bb9e-b0e73d32d40c,d3d238ca-e750-4c2d-a21b-9b6794143385,907,148,false,0.04918158594211141,0.3990000000000003,0.2644772612998237,0.013007411156351534,0.0,0.0,generic,generic
362,82be0088-d913-4847-821b-f1abd03e1d99,d3d238ca-e750-4c2d-a21b-9b6794143385,1452,148,false,0.049360265533212405,0.6690000000000005,0.10752843013579476,0.005307631863872308,0.0,0.0,generic,generic
47,b0ce6adc-3f6f-4ff8-9b66-0a569c36e49b,d3d238ca-e750-4c2d-a21b-9b6794143385,975,148,false,0.049033030338624016,0.19800000000000012,0.516851334491699,0.025342787164689785,0.0,0.0,generic,generic
407,5a98df98-49c8-409a-b9cc-29c578c7bb25,d3d238ca-e750-4c2d-a21b-9b6794143385,1387,148,false,0.04946379117035708,0.8160000000000006,0.06587475442640284,0.0032584150963461457,0.0,0.0,generic,generic
178,0f960723-5f75-4e64-946c-37d2bc4098da,d3d238ca-e750-4c2d-a21b-9b6794143385,1284,148,false,0.04917771596894629,0.3960000000000003,0.2671353019658501,0.013137104005355275,0.0,0.0,generic,generic
387,a2130b83-6c1f-4a0f-8edf-19eda32111c7,e3657648-24c2-49ea-aba3-8c2d4e84777f,846,151,true,0.049440313390284645,0.001,0.9966722160545233,0.049275786709125115,0.0,0.0,generic,generic
306,82be0088-d913-4847-821b-f1abd03e1d99,d3d238ca-e750-4c2d-a21b-9b6794143385,1024,148,false,0.04928824941151683,0.5610000000000004,0.1541236618151312,0.007596485483760459,0.0,0.0,generic,generic
472,33d52ebf-78fb-4a56-8322-754b3df44f73,8cb7e6e8-ec01-4342-990f-0b4a67b21158,1715,150,false,0.04956382100398233,0.032999999999999995,0.8958341352965282,0.044400962731094416,0.0,0.0,generic,generic
155,1d937a0a-1d3b-4853-aba6-2ab7a8b63234,d3d238ca-e750-4c2d-a21b-9b6794143385,1169,148,false,0.049166109702879796,0.3780000000000003,0.2836540264997701,0.01394616498455127,0.0,0.0,generic,generic
293,0f960723-5f75-4e64-946c-37d2bc4098da,d3d238ca-e750-4c2d-a21b-9b6794143385,1384,148,false,0.04926687972041577,0.5280000000000004,0.1720448638230503,0.008476113612485528,0.0,0.0,generic,generic
499,1d937a0a-1d3b-4853-aba6-2ab7a8b63234,d3d238ca-e750-4c2d-a21b-9b6794143385,1474,148,false,0.04959135098854997,1.0050000000000006,0.03508435410084496,0.001739880518421575,0.0,0.0,generic,generic
673,5a98df98-49c8-409a-b9cc-29c578c7bb25,d3d238ca-e750-4c2d-a21b-9b6794143385,1686,148,false,0.04977302594319415,1.271999999999991,0.014407591843112785,0.0007171094425862052,0.0,0.0,generic,generic
73,b0ce6adc-3f6f-4ff8-9b66-0a569c36e49b,d3d238ca-e750-4c2d-a21b-9b6794143385,1081,148,false,0.04907152986244517,0.25200000000000017,0.4317105234290794,0.021184695842381907,0.0,0.0,generic,generic
251,0f960723-5f75-4e64-946c-37d2bc4098da,d3d238ca-e750-4c2d-a21b-9b6794143385,1284,148,false,0.049247468802522905,0.4980000000000004,0.19013898010152028,0.009363863490693142,0.0,0.0,generic,generic
115,bc5fc0ad-78cd-4775-bb9e-b0e73d32d40c,d3d238ca-e750-4c2d-a21b-9b6794143385,1178,148,false,0.04913904970862701,0.34800000000000025,0.31348618088260505,0.015404413025357968,0.0,0.0,generic,generic
112,bc5fc0ad-78cd-4775-bb9e-b0e73d32d40c,d3d238ca-e750-4c2d-a21b-9b6794143385,1178,148,false,0.049137117991662,0.34500000000000025,0.31663676937905294,0.015558618297477192,0.0,0.0,generic,generic
584,1d937a0a-1d3b-4853-aba6-2ab7a8b63234,d3d238ca-e750-4c2d-a21b-9b6794143385,1519,148,false,0.0496682031747891,1.1189999999999964,0.023992835836709452,0.001191681045077046,0.0,0.0,generic,generic
86,27bf3281-cca6-4c5e-8304-066b216843db,d3d238ca-e750-4c2d-a21b-9b6794143385,1051,148,false,0.04910816045196931,0.3030000000000002,0.36421897957152305,0.017886124088450885,0.0,0.0,generic,generic
207,bc5fc0ad-78cd-4775-bb9e-b0e73d32d40c,d3d238ca-e750-4c2d-a21b-9b6794143385,616,148,false,0.049185456524420954,0.4020000000000003,0.26184566858032576,0.012878998748065551,0.0,0.0,generic,generic
518,5a98df98-49c8-409a-b9cc-29c578c7bb25,d3d238ca-e750-4c2d-a21b-9b6794143385,1613,148,false,0.04960709614398529,1.0259999999999998,0.03271243493901983,0.0016227689051238204,0.0,0.0,generic,generic
733,27bf3281-cca6-4c5e-8304-066b216843db,8cb7e6e8-ec01-4342-990f-0b4a67b21158,2116,150,false,0.04993208964346193,0.5820000000000004,0.1437039497777027,0.007175438502419802,0.0,0.0,generic,generic
651,2cc94e3c-a36d-481e-bfc7-ec2a45283ccd,d3d238ca-e750-4c2d-a21b-9b6794143385,543,147,true,0.04975321421029038,0.001,0.9966722160545233,0.04958764626280551,0.0,0.0,generic,generic
465,1d937a0a-1d3b-4853-aba6-2ab7a8b63234,d3d238ca-e750-4c2d-a21b-9b6794143385,1474,148,false,0.04955989064406432,0.9630000000000007,0.04035661327203104,0.002000069340526653,0.0,0.0,generic,generic
430,0f960723-5f75-4e64-946c-37d2bc4098da,d3d238ca-e750-4c2d-a21b-9b6794143385,1653,148,false,0.04953828480220562,0.9300000000000007,0.045049202393557704,0.0022316602182842647,0.0,0.0,generic,generic
23,a2130b83-6c1f-4a0f-8edf-19eda32111c7,d3d238ca-e750-4c2d-a21b-9b6794143385,600,148,false,0.04899843238257176,0.14700000000000008,0.6126263941844159,0.030017732951223855,0.0,0.0,generic,generic
669,1d937a0a-1d3b-4853-aba6-2ab7a8b63234,8cb7e6e8-ec01-4342-990f-0b4a67b21158,1790,150,false,0.04976906233444347,0.33900000000000025,0.32303325642225267,0.016077062274977353,0.0,0.0,generic,generic
715,33d52ebf-78fb-4a56-8322-754b3df44f73,8cb7e6e8-ec01-4342-990f-0b4a67b21158,2076,149,true,0.04989422002673885,0.001,0.9966722160545233,0.04972818284236179,0.0,0.0,generic,generic
264,82be0088-d913-4847-821b-f1abd03e1d99,d3d238ca-e750-4c2d-a21b-9b6794143385,1024,148,false,0.04925329047162917,0.5070000000000003,0.18451952399298904,0.009088193712913438,0.0,0.0,generic,generic
41,b0ce6adc-3f6f-4ff8-9b66-0a569c36e49b,d3d238ca-e750-4c2d-a21b-9b6794143385,971,148,false,0.04902918370861381,0.19200000000000012,0.5272924240430483,0.02585271712656691,0.0,0.0,generic,generic
790,33d52ebf-78fb-4a56-8322-754b3df44f73,8cb7e6e8-ec01-4342-990f-0b4a67b21158,2163,149,true,0.04999000159977603,0.001,0.9966722160545233,0.04982364567501794,0.0,0.0,generic,generic
68,b0ce6adc-3f6f-4ff8-9b66-0a569c36e49b,d3d238ca-e750-4c2d-a21b-9b6794143385,949,148,false,0.04905227254613337,0.22500000000000014,0.47236655274101447,0.023170652886729724,0.0,0.0,generic,generic
130,1d937a0a-1d3b-4853-aba6-2ab7a8b63234,d3d238ca-e750-4c2d-a21b-9b6794143385,982,148,false,0.04915644199857136,0.36600000000000027,0.29523016692401394,0.014512464576628832,0.0,0.0,generic,generic
125,1d937a0a-1d3b-4853-aba6-2ab7a8b63234,d3d238ca-e750-4c2d-a21b-9b6794143385,1169,148,false,0.04915644199857136,0.36600000000000027,0.29523016692401394,0.014512464576628832,0.0,0.0,generic,generic
671,2cc94e3c-a36d-481e-bfc7-ec2a45283ccd,d3d238ca-e750-4c2d-a21b-9b6794143385,543,147,true,0.04976906233444347,0.001,0.9966722160545233,0.04960344164782548,0.0,0.0,generic,generic
666,1d937a0a-1d3b-4853-aba6-2ab7a8b63234,8cb7e6e8-ec01-4342-990f-0b4a67b21158,1790,150,false,0.04976708076679095,0.33600000000000024,0.32627979462303924,0.016237992891576757,0.0,0.0,generic,generic
339,2cc94e3c-a36d-481e-bfc7-ec2a45283ccd,d3d238ca-e750-4c2d-a21b-9b6794143385,531,147,true,0.04932909761664352,0.001,0.9966722160545233,0.04916494103755,0.0,0.0,generic,generic
336,0f960723-5f75-4e64-946c-37d2bc4098da,d3d238ca-e750-4c2d-a21b-9b6794143385,1434,148,false,0.049315474027214784,0.6030000000000004,0.13398867466880476,0.006607715005570372,0.0,0.0,generic,generic
755,82be0088-d913-4847-821b-f1abd03e1d99,d3d238ca-e750-4c2d-a21b-9b6794143385,1892,148,false,0.04996003037752032,1.5539999999999807,0.005628006414404425,0.0002811753714285243,0.0,0.0,generic,generic
343,2cc94e3c-a36d-481e-bfc7-ec2a45283ccd,d3d238ca-e750-4c2d-a21b-9b6794143385,531,147,true,0.04933493860237151,0.001,0.9966722160545233,0.04917076258573946,0.0,0.0,generic,generic
752,bc5fc0ad-78cd-4775-bb9e-b0e73d32d40c,cacfbb16-d74a-498b-ae02-6326bee90a31,2136,154,false,0.049956036929717215,0.44100000000000034,0.2299254851867236,0.011486166029071113,0.0,0.0,generic,generic
468,27bf3281-cca6-4c5e-8304-066b216843db,d3d238ca-e750-4c2d-a21b-9b6794143385,1710,148,false,0.049561855746100315,0.9630000000000007,0.04035661327203104,0.00200014864538956,0.0,0.0,generic,generic
100,bc5fc0ad-78cd-4775-bb9e-b0e73d32d40c,d3d238ca-e750-4c2d-a21b-9b6794143385,1184,148,false,0.04912360022435912,0.32400000000000023,0.3395955256449389,0.016682154839763073,0.0,0.0,generic,generic
230,27bf3281-cca6-4c5e-8304-066b216843db,d3d238ca-e750-4c2d-a21b-9b6794143385,1349,148,false,0.04923776907841715,0.4830000000000004,0.19988761407514427,0.009842020183467718,0.0,0.0,generic,generic
639,33d52ebf-78fb-4a56-8322-754b3df44f73,cacfbb16-d74a-498b-ae02-6326bee90a31,1910,154,false,0.04974331425719908,0.13800000000000007,0.6312836455069258,0.03140214076388127,0.0,0.0,generic,generic
195,1d937a0a-1d3b-4853-aba6-2ab7a8b63234,d3d238ca-e750-4c2d-a21b-9b6794143385,1131,148,false,0.04918352115711414,0.3990000000000003,0.2644772612998237,0.013007922976715483,0.0,0.0,generic,generic
659,5a98df98-49c8-409a-b9cc-29c578c7bb25,d3d238ca-e750-4c2d-a21b-9b6794143385,1426,148,false,0.049757175295002676,1.2479999999999918,0.01560755791998326,0.0007765879953515145,0.0,0.0,generic,generic
388,82be0088-d913-4847-821b-f1abd03e1d99,d3d238ca-e750-4c2d-a21b-9b6794143385,1566,148,false,0.049440313390284645,0.7860000000000006,0.07280286282743545,0.003599396353898313,0.0,0.0,generic,generic
578,33d52ebf-78fb-4a56-8322-754b3df44f73,8cb7e6e8-ec01-4342-990f-0b4a67b21158,1826,149,true,0.049664256242971244,0.001,0.9966722160545233,0.049498984328381845,0.0,0.0,generic,generic
222,0f960723-5f75-4e64-946c-37d2bc4098da,d3d238ca-e750-4c2d-a21b-9b6794143385,1266,148,false,0.04921644312936617,0.45000000000000034,0.22313016014842957,0.01098167283739155,0.0,0.0,generic,generic
774,82be0088-d913-4847-821b-f1abd03e1d99,d3d238ca-e750-4c2d-a21b-9b6794143385,1892,148,false,0.049976010555566594,1.5779999999999799,0.005195304718705577,0.00025964060346141485,0.0,0.0,generic,generic
276,0f960723-5f75-4e64-946c-37d2bc4098da,d3d238ca-e750-4c2d-a21b-9b6794143385,1144,148,false,0.04925911351731405,0.5160000000000003,0.179066147911493,0.008820639707080382,0.0,0.0,generic,generic
381,2cc94e3c-a36d-481e-bfc7-ec2a45283ccd,d3d238ca-e750-4c2d-a21b-9b6794143385,996,147,true,0.0494266283083101,0.001,0.9966722160545233,0.04926214716814666,0.0,0.0,generic,generic
247,82be0088-d913-4847-821b-f1abd03e1d99,d3d238ca-e750-4c2d-a21b-9b6794143385,1333,148,false,0.04924552855197614,0.4950000000000004,0.19204990862075388,0.009457599258387744,0.0,0.0,generic,generic
772,33d52ebf-78fb-4a56-8322-754b3df44f73,8cb7e6e8-ec01-4342-990f-0b4a67b21158,2163,149,true,0.049976010555566594,0.001,0.9966722160545233,0.04980970118998081,0.0,0.0,generic,generic
663,1d937a0a-1d3b-4853-aba6-2ab7a8b63234,8cb7e6e8-ec01-4342-990f-0b4a67b21158,1790,150,false,0.0497631181048373,0.33000000000000024,0.33287108369807933,0.016564703051752703,0.0,0.0,generic,generic
560,1d937a0a-1d3b-4853-aba6-2ab7a8b63234,d3d238ca-e750-4c2d-a21b-9b6794143385,1689,148,false,0.04964058781921131,1.076999999999998,0.02759833042324947,0.0013699973450389267,0.0,0.0,generic,generic
532,8a7898ba-6cf3-426f-8995-b60d81dfd640,8cb7e6e8-ec01-4342-990f-0b4a67b21158,1300,150,false,0.04962285130090575,0.12300000000000007,0.6636502501363192,0.032932217678323474,0.0,0.0,generic,generic
184,27bf3281-cca6-4c5e-8304-066b216843db,d3d238ca-e750-4c2d-a21b-9b6794143385,1111,148,false,0.049179650879394785,0.3960000000000003,0.2671353019658501,0.013137620888242212,0.0,0.0,generic,generic
1,8a7898ba-6cf3-426f-8995-b60d81dfd640,e3657648-24c2-49ea-aba3-8c2d4e84777f,556,151,true,0.04870441150666858,0.001,0.9966722160545233,0.048542333747982794,0.0,0.0,generic,generic
137,bc5fc0ad-78cd-4775-bb9e-b0e73d32d40c,d3d238ca-e750-4c2d-a21b-9b6794143385,907,148,false,0.04915837523525598,0.36600000000000027,0.29523016692401394,0.014513035326417935,0.0,0.0,generic,generic
435,0f960723-5f75-4e64-946c-37d2bc4098da,d3d238ca-e750-4c2d-a21b-9b6794143385,1653,148,false,0.04954221173575324,0.9360000000000007,0.04415716841969276,0.002187643787499735,0.0,0.0,generic,generic
789,0f960723-5f75-4e64-946c-37d2bc4098da,8cb7e6e8-ec01-4342-990f-0b4a67b21158,2177,150,false,0.04998800239956807,0.6630000000000005,0.10970064851551121,0.005483716281227548,0.0,0.0,generic,generic
427,27bf3281-cca6-4c5e-8304-066b216843db,d3d238ca-e750-4c2d-a21b-9b6794143385,1683,148,false,0.04953632156887671,0.9270000000000007,0.04550195440462145,0.002253999445399694,0.0,0.0,generic,generic
237,0f960723-5f75-4e64-946c-37d2bc4098da,d3d238ca-e750-4c2d-a21b-9b6794143385,1266,148,false,0.049241648509507165,0.4890000000000004,0.19592957412690912,0.009647895221774687,0.0,0.0,generic,generic
529,8a7898ba-6cf3-426f-8995-b60d81dfd640,8cb7e6e8-ec01-4342-990f-0b4a67b21158,1300,150,false,0.049618911573515286,0.11700000000000006,0.6770568744981645,0.033594825185965065,0.0,0.0,generic,generic
270,82be0088-d913-4847-821b-f1abd03e1d99,d3d238ca-e750-4c2d-a21b-9b6794143385,1287,148,false,0.04925523133388018,0.5100000000000003,0.18268352405273441,0.008998119238105897,0.0,0.0,generic,generic
33,ad7701ce-b683-4d65-9795-1469ee131d17,d3d238ca-e750-4c2d-a21b-9b6794143385,721,148,false,0.04902149225894833,0.1800000000000001,0.5488116360940262,0.02690356537040407,0.0,0.0,generic,generic
677,27bf3281-cca6-4c5e-8304-066b216843db,d3d238ca-e750-4c2d-a21b-9b6794143385,1940,148,false,0.049782937727717115,1.2869999999999904,0.013704925297365384,0.0006822714426417559,0.0,0.0,generic,generic
254,82be0088-d913-4847-821b-f1abd03e1d99,d3d238ca-e750-4c2d-a21b-9b6794143385,1024,148,false,0.04924940920596861,0.5010000000000003,0.18824706563874655,0.009271056767465462,0.0,0.0,generic,generic
482,33d52ebf-78fb-4a56-8322-754b3df44f73,8cb7e6e8-ec01-4342-990f-0b4a67b21158,1715,149,true,0.049569717712889864,0.001,0.9966722160545233,0.04940476040210309,0.0,0.0,generic,generic
165,1d937a0a-1d3b-4853-aba6-2ab7a8b63234,d3d238ca-e750-4c2d-a21b-9b6794143385,1262,148,false,0.04916804370009683,0.3810000000000003,0.2808316217783795,0.013807941451968429,0.0,0.0,generic,generic
527,5a98df98-49c8-409a-b9cc-29c578c7bb25,d3d238ca-e750-4c2d-a21b-9b6794143385,1613,148,false,0.049616941944406696,1.0409999999999993,0.031117030661060942,0.001543931903792184,0.0,0.0,generic,generic
142,2cc94e3c-a36d-481e-bfc7-ec2a45283ccd,d3d238ca-e750-4c2d-a21b-9b6794143385,996,147,true,0.04916224216485492,0.001,0.9966722160545233,0.04899864084465508,0.0,0.0,generic,generic
416,ad7701ce-b683-4d65-9795-1469ee131d17,d3d238ca-e750-4c2d-a21b-9b6794143385,1567,147,true,0.0494931697710338,0.001,0.9966722160545233,0.049328467195259004,0.0,0.0,generic,generic
5,8a7898ba-6cf3-426f-8995-b60d81dfd640,e3657648-24c2-49ea-aba3-8c2d4e84777f,556,151,true,0.048713902204259085,0.001,0.9966722160545233,0.04855179286258223,0.0,0.0,generic,generic
794,bc5fc0ad-78cd-4775-bb9e-b0e73d32d40c,cacfbb16-d74a-498b-ae02-6326bee90a31,2132,154,false,0.049992000959904005,0.4890000000000004,0.19592957412690912,0.009794911457826024,0.0,0.0,generic,generic
778,33d52ebf-78fb-4a56-8322-754b3df44f73,8cb7e6e8-ec01-4342-990f-0b4a67b21158,2163,149,true,0.04998200575827249,0.001,0.9966722160545233,0.049815676441947385,0.0,0.0,generic,generic
731,27bf3281-cca6-4c5e-8304-066b216843db,8cb7e6e8-ec01-4342-990f-0b4a67b21158,2116,150,false,0.049930095072600995,0.5790000000000004,0.1451481984836235,0.007247263349904082,0.0,0.0,generic,generic
45,b0ce6adc-3f6f-4ff8-9b66-0a569c36e49b,d3d238ca-e750-4c2d-a21b-9b6794143385,971,148,false,0.04903110694817266,0.19500000000000012,0.5220457767610158,0.025596482312211236,0.0,0.0,generic,generic
748,ad7701ce-b683-4d65-9795-1469ee131d17,e3657648-24c2-49ea-aba3-8c2d4e84777f,721,151,true,0.049952044120291195,0.001,0.9966722160545233,0.049785814509823945,0.0,0.0,generic,generic
418,0f960723-5f75-4e64-946c-37d2bc4098da,d3d238ca-e750-4c2d-a21b-9b6794143385,1653,148,false,0.04950885263241051,0.8850000000000007,0.05233970594843227,0.0025912787886246333,0.0,0.0,generic,generic
449,27bf3281-cca6-4c5e-8304-066b216843db,d3d238ca-e750-4c2d-a21b-9b6794143385,1690,148,false,0.04955006747092582,0.9480000000000007,0.04242574108051129,0.0021021983330433637,0.0,0.0,generic,generic
282,0f960723-5f75-4e64-946c-37d2bc4098da,d3d238ca-e750-4c2d-a21b-9b6794143385,1144,148,false,0.049261054838533096,0.5190000000000003,0.17728440996987757,0.008733217041543123,0.0,0.0,generic,generic
747,bc5fc0ad-78cd-4775-bb9e-b0e73d32d40c,cacfbb16-d74a-498b-ae02-6326bee90a31,2136,154,false,0.049952044120291195,0.43500000000000033,0.2345702880937974,0.011717265380170785,0.0,0.0,generic,generic
556,bc5fc0ad-78cd-4775-bb9e-b0e73d32d40c,d3d238ca-e750-4c2d-a21b-9b6794143385,1627,148,false,0.04964058781921131,1.076999999999998,0.02759833042324947,0.0013699973450389267,0.0,0.0,generic,generic
530,ad7701ce-b683-4d65-9795-1469ee131d17,8cb7e6e8-ec01-4342-990f-0b4a67b21158,500,150,false,0.04962088135900876,0.12000000000000006,0.6703200460356391,0.03326187147689974,0.0,0.0,generic,generic
393,82be0088-d913-4847-821b-f1abd03e1d99,d3d238ca-e750-4c2d-a21b-9b6794143385,1566,148,false,0.049442269020657376,0.7890000000000006,0.07207846223876595,0.00356372272060436,0.0,0.0,generic,generic
674,27bf3281-cca6-4c5e-8304-066b216843db,d3d238ca-e750-4c2d-a21b-9b6794143385,1940,148,false,0.04977699018333139,1.2779999999999907,0.014122302410164388,0.00070296570843679,0.0,0.0,generic,generic
737,b0ce6adc-3f6f-4ff8-9b66-0a569c36e49b,e3657648-24c2-49ea-aba3-8c2d4e84777f,1922,151,true,0.04994006952074528,0.001,0.9966722160545233,0.049773879759158146,0.0,0.0,generic,generic
437,2cc94e3c-a36d-481e-bfc7-ec2a45283ccd,d3d238ca-e750-4c2d-a21b-9b6794143385,1492,147,true,0.04954221173575324,0.001,0.9966722160545233,0.04937734595891559,0.0,0.0,generic,generic
590,82be0088-d913-4847-821b-f1abd03e1d99,d3d238ca-e750-4c2d-a21b-9b6794143385,1842,148,false,0.049680047735275304,1.1369999999999958,0.022595601851122176,0.0011225505785710248,0.0,0.0,generic,generic
148,bc5fc0ad-78cd-4775-bb9e-b0e73d32d40c,d3d238ca-e750-4c2d-a21b-9b6794143385,907,148,false,0.049164175857805144,0.3750000000000003,0.28650479686018987,0.014085772216939114,0.0,0.0,generic,generic
623,1d937a0a-1d3b-4853-aba6-2ab7a8b63234,d3d238ca-e750-4c2d-a21b-9b6794143385,1790,1888,false,0.04972154822273197,0.001,0.9966722160545233,0.04955608565281212,0.0,0.0,generic,generic
36,b0ce6adc-3f6f-4ff8-9b66-0a569c36e49b,d3d238ca-e750-4c2d-a21b-9b6794143385,758,148,false,0.049025337682102585,0.1860000000000001,0.5379444375946743,0.026372907707287667,0.0,0.0,generic,generic
791,0f960723-5f75-4e64-946c-37d2bc4098da,cacfbb16-d74a-498b-ae02-6326bee90a31,2177,154,false,0.04999000159977603,0.4860000000000004,0.19789869908361443,0.00989295628378348,0.0,0.0,generic,generic
7,8a7898ba-6cf3-426f-8995-b60d81dfd640,e3657648-24c2-49ea-aba3-8c2d4e84777f,372,151,true,0.04874049584612418,0.001,0.9966722160545233,0.048578298006552875,0.0,0.0,generic,generic
25,a2130b83-6c1f-4a0f-8edf-19eda32111c7,d3d238ca-e750-4c2d-a21b-9b6794143385,600,148,false,0.049002274188564066,0.15000000000000008,0.6065306597126332,0.029721381691009102,0.0,0.0,generic,generic
95,b0ce6adc-3f6f-4ff8-9b66-0a569c36e49b,d3d238ca-e750-4c2d-a21b-9b6794143385,975,148,false,0.0491178091720942,0.3180000000000002,0.3464558103300572,0.01701715037835501,0.0,0.0,generic,generic
783,0f960723-5f75-4e64-946c-37d2bc4098da,cacfbb16-d74a-498b-ae02-6326bee90a31,2177,154,false,0.04998600335926095,0.48000000000000037,0.20189651799465516,0.01009200002670392,0.0,0.0,generic,generic
769,5a98df98-49c8-409a-b9cc-29c578c7bb25,cacfbb16-d74a-498b-ae02-6326bee90a31,959,154,false,0.04996602174651697,0.45600000000000035,0.21871188695221452,0.010928162899676113,0.0,0.0,generic,generic
296,0f960723-5f75-4e64-946c-37d2bc4098da,d3d238ca-e750-4c2d-a21b-9b6794143385,1384,148,false,0.049268821653845496,0.5310000000000004,0.1703329888254092,0.008392105648205543,0.0,0.0,generic,generic
680,bc5fc0ad-78cd-4775-bb9e-b0e73d32d40c,8cb7e6e8-ec01-4342-990f-0b4a67b21158,1959,150,false,0.049786903546980954,0.36600000000000027,0.29523016692401394,0.014698595844804969,0.0,0.0,generic,generic
476,33d52ebf-78fb-4a56-8322-754b3df44f73,8cb7e6e8-ec01-4342-990f-0b4a67b21158,1715,149,true,0.049565786417728894,0.001,0.9966722160545233,0.049400842189443045,0.0,0.0,generic,generic
341,2cc94e3c-a36d-481e-bfc7-ec2a45283ccd,d3d238ca-e750-4c2d-a21b-9b6794143385,531,147,true,0.04933299145343799,0.001,0.9966722160545233,0.049168821916496894,0.0,0.0,generic,generic
287,0f960723-5f75-4e64-946c-37d2bc4098da,d3d238ca-e750-4c2d-a21b-9b6794143385,1367,148,false,0.04926299631277767,0.5220000000000004,0.17552040061699664,0.008646660848412365,0.0,0.0,generic,generic
19,a2130b83-6c1f-4a0f-8edf-19eda32111c7,d3d238ca-e750-4c2d-a21b-9b6794143385,600,148,false,0.0489907505775378,0.13500000000000006,0.6376281516217731,0.031237881737318743,0.0,0.0,generic,generic
583,33d52ebf-78fb-4a56-8322-754b3df44f73,8cb7e6e8-ec01-4342-990f-0b4a67b21158,1826,149,true,0.04966622963046381,0.001,0.9966722160545233,0.0495009511488672,0.0,0.0,generic,generic
44,b0ce6adc-3f6f-4ff8-9b66-0a569c36e49b,d3d238ca-e750-4c2d-a21b-9b6794143385,1081,148,false,0.04903110694817266,0.19500000000000012,0.5220457767610158,0.025596482312211236,0.0,0.0,generic,generic
266,82be0088-d913-4847-821b-f1abd03e1d99,d3d238ca-e750-4c2d-a21b-9b6794143385,1333,148,false,0.04925329047162917,0.5070000000000003,0.18451952399298904,0.009088193712913438,0.0,0.0,generic,generic
31,2cc94e3c-a36d-481e-bfc7-ec2a45283ccd,d3d238ca-e750-4c2d-a21b-9b6794143385,460,148,false,0.04902149225894833,0.1800000000000001,0.5488116360940262,0.02690356537040407,0.0,0.0,generic,generic
29,8a7898ba-6cf3-426f-8995-b60d81dfd640,d3d238ca-e750-4c2d-a21b-9b6794143385,556,148,false,0.04902149225894833,0.1800000000000001,0.5488116360940262,0.02690356537040407,0.0,0.0,generic,generic
303,a2130b83-6c1f-4a0f-8edf-19eda32111c7,e3657648-24c2-49ea-aba3-8c2d4e84777f,846,151,true,0.04927659091872469,0.001,0.9966722160545233,0.04911260907057753,0.0,0.0,generic,generic
576,33d52ebf-78fb-4a56-8322-754b3df44f73,cacfbb16-d74a-498b-ae02-6326bee90a31,1826,154,false,0.04966228301229271,0.023999999999999997,0.9231163463866358,0.04584406524752673,0.0,0.0,generic,generic
159,bc5fc0ad-78cd-4775-bb9e-b0e73d32d40c,d3d238ca-e750-4c2d-a21b-9b6794143385,944,148,false,0.049166109702879796,0.3780000000000003,0.2836540264997701,0.01394616498455127,0.0,0.0,generic,generic
785,bc5fc0ad-78cd-4775-bb9e-b0e73d32d40c,8cb7e6e8-ec01-4342-990f-0b4a67b21158,2169,150,false,0.04998600335926095,0.6600000000000005,0.11080315836233372,0.005538607046116336,0.0,0.0,generic,generic
782,33d52ebf-78fb-4a56-8322-754b3df44f73,8cb7e6e8-ec01-4342-990f-0b4a67b21158,2163,149,true,0.04998600335926095,0.001,0.9966722160545233,0.04981966073978345,0.0,0.0,generic,generic
463,82be0088-d913-4847-821b-f1abd03e1d99,d3d238ca-e750-4c2d-a21b-9b6794143385,1693,148,false,0.04955989064406432,0.9630000000000007,0.04035661327203104,0.002000069340526653,0.0,0.0,generic,generic
101,bc5fc0ad-78cd-4775-bb9e-b0e73d32d40c,d3d238ca-e750-4c2d-a21b-9b6794143385,944,148,false,0.04912360022435912,0.32400000000000023,0.3395955256449389,0.016682154839763073,0.0,0.0,generic,generic
360,5a98df98-49c8-409a-b9cc-29c578c7bb25,d3d238ca-e750-4c2d-a21b-9b6794143385,1357,148,false,0.049356367389844544,0.6630000000000005,0.10970064851551121,0.005414425511035776,0.0,0.0,generic,generic
781,bc5fc0ad-78cd-4775-bb9e-b0e73d32d40c,d3d238ca-e750-4c2d-a21b-9b6794143385,2169,148,false,0.049984004478835484,1.5869999999999795,0.005041760259691323,0.00025200736740162583,0.0,0.0,generic,generic
756,0f960723-5f75-4e64-946c-37d2bc4098da,8cb7e6e8-ec01-4342-990f-0b4a67b21158,2149,150,false,0.04996202734086113,0.6240000000000004,0.12493021219858225,0.006241766677565149,0.0,0.0,generic,generic
520,0f960723-5f75-4e64-946c-37d2bc4098da,d3d238ca-e750-4c2d-a21b-9b6794143385,1753,148,false,0.04961103399520401,1.0319999999999996,0.03206468532786082,0.0015907621938460223,0.0,0.0,generic,generic
800,bc5fc0ad-78cd-4775-bb9e-b0e73d32d40c,d3d238ca-e750-4c2d-a21b-9b6794143385,2132,148,false,0.049998,1.6079999999999788,0.00470090610758361,0.00023503590356696534,0.0,0.0,generic,generic
462,0f960723-5f75-4e64-946c-37d2bc4098da,d3d238ca-e750-4c2d-a21b-9b6794143385,1653,148,false,0.04955989064406432,0.9630000000000007,0.04035661327203104,0.002000069340526653,0.0,0.0,generic,generic
246,82be0088-d913-4847-821b-f1abd03e1d99,d3d238ca-e750-4c2d-a21b-9b6794143385,1287,148,false,0.04924552855197614,0.4950000000000004,0.19204990862075388,0.009457599258387744,0.0,0.0,generic,generic
618,bc5fc0ad-78cd-4775-bb9e-b0e73d32d40c,8cb7e6e8-ec01-4342-990f-0b4a67b21158,1868,150,false,0.04970770702498248,0.24900000000000017,0.43604928632153533,0.021675010172923576,0.0,0.0,generic,generic
97,bc5fc0ad-78cd-4775-bb9e-b0e73d32d40c,d3d238ca-e750-4c2d-a21b-9b6794143385,944,148,false,0.049119739371130906,0.32100000000000023,0.3430085174187064,0.016848488977684876,0.0,0.0,generic,generic
402,bc5fc0ad-78cd-4775-bb9e-b0e73d32d40c,d3d238ca-e750-4c2d-a21b-9b6794143385,1472,148,false,0.04945009308953777,0.7980000000000006,0.06994822174465523,0.003458946076720831,0.0,0.0,generic,generic
413,ad7701ce-b683-4d65-9795-1469ee131d17,d3d238ca-e750-4c2d-a21b-9b6794143385,1567,147,true,0.04947358016111371,0.001,0.9966722160545233,0.049308942775328296,0.0,0.0,generic,generic
110,bc5fc0ad-78cd-4775-bb9e-b0e73d32d40c,d3d238ca-e750-4c2d-a21b-9b6794143385,1178,148,false,0.049135186426570374,0.34200000000000025,0.3198190218163036,0.015714367259707457,0.0,0.0,generic,generic
501,5a98df98-49c8-409a-b9cc-29c578c7bb25,d3d238ca-e750-4c2d-a21b-9b6794143385,1613,148,false,0.04959135098854997,1.0050000000000006,0.03508435410084496,0.001739880518421575,0.0,0.0,generic,generic
30,8a7898ba-6cf3-426f-8995-b60d81dfd640,d3d238ca-e750-4c2d-a21b-9b6794143385,1042,148,false,0.04902149225894833,0.1800000000000001,0.5488116360940262,0.02690356537040407,0.0,0.0,generic,generic
648,5a98df98-49c8-409a-b9cc-29c578c7bb25,d3d238ca-e750-4c2d-a21b-9b6794143385,1687,148,false,0.04974925375621096,1.2359999999999922,0.01624451444195029,0.0008081524711190187,0.0,0.0,generic,generic
724,5a98df98-49c8-409a-b9cc-29c578c7bb25,8cb7e6e8-ec01-4342-990f-0b4a67b21158,1686,150,false,0.04992411231601641,0.5700000000000004,0.14956861922263484,0.007467080545022312,0.0,0.0,generic,generic
234,27bf3281-cca6-4c5e-8304-066b216843db,d3d238ca-e750-4c2d-a21b-9b6794143385,1349,148,false,0.04923970871754882,0.4860000000000004,0.19789869908361443,0.009744474298459021,0.0,0.0,generic,generic
614,5a98df98-49c8-409a-b9cc-29c578c7bb25,d3d238ca-e750-4c2d-a21b-9b6794143385,1426,148,false,0.049703753812369425,1.1699999999999946,0.02024191144580475,0.0010060989831940622,0.0,0.0,generic,generic
272,0f960723-5f75-4e64-946c-37d2bc4098da,d3d238ca-e750-4c2d-a21b-9b6794143385,1144,148,false,0.04925717234910244,0.5130000000000003,0.18086579261712185,0.008908937518998591,0.0,0.0,generic,generic
182,0f960723-5f75-4e64-946c-37d2bc4098da,d3d238ca-e750-4c2d-a21b-9b6794143385,1266,148,false,0.049179650879394785,0.3960000000000003,0.2671353019658501,0.013137620888242212,0.0,0.0,generic,generic
164,1d937a0a-1d3b-4853-aba6-2ab7a8b63234,d3d238ca-e750-4c2d-a21b-9b6794143385,1169,148,false,0.04916804370009683,0.3810000000000003,0.2808316217783795,0.013807941451968429,0.0,0.0,generic,generic
470,bc5fc0ad-78cd-4775-bb9e-b0e73d32d40c,d3d238ca-e750-4c2d-a21b-9b6794143385,1627,148,false,0.04956382100398233,0.9630000000000007,0.04035661327203104,0.002000227956541884,0.0,0.0,generic,generic
267,0f960723-5f75-4e64-946c-37d2bc4098da,d3d238ca-e750-4c2d-a21b-9b6794143385,1367,148,false,0.04925523133388018,0.5100000000000003,0.18268352405273441,0.008998119238105897,0.0,0.0,generic,generic
629,41f3bb2f-cb0f-4af5-91c4-9125ab4d7165,d3d238ca-e750-4c2d-a21b-9b6794143385,1423,147,true,0.04972946094003802,0.001,0.9966722160545233,0.04956397203830455,0.0,0.0,generic,generic
4,8a7898ba-6cf3-426f-8995-b60d81dfd640,e3657648-24c2-49ea-aba3-8c2d4e84777f,556,151,true,0.048712003768844714,0.001,0.9966722160545233,0.04854990074475075,0.0,0.0,generic,generic
359,5a98df98-49c8-409a-b9cc-29c578c7bb25,d3d238ca-e750-4c2d-a21b-9b6794143385,1357,148,false,0.04935441854904301,0.6630000000000005,0.10970064851551121,0.005414211721935994,0.0,0.0,generic,generic
328,bc5fc0ad-78cd-4775-bb9e-b0e73d32d40c,d3d238ca-e750-4c2d-a21b-9b6794143385,1373,148,false,0.04930574749826978,0.5880000000000004,0.14085842092104478,0.0069451297349380344,0.0,0.0,generic,generic
630,41f3bb2f-cb0f-4af5-91c4-9125ab4d7165,d3d238ca-e750-4c2d-a21b-9b6794143385,1423,147,true,0.049731439512898844,0.001,0.9966722160545233,0.04956594402690237,0.0,0.0,generic,generic
11,8a7898ba-6cf3-426f-8995-b60d81dfd640,e3657648-24c2-49ea-aba3-8c2d4e84777f,372,151,true,0.04875950908885677,0.001,0.9966722160545233,0.048597247977321546,0.0,0.0,generic,generic
69,b0ce6adc-3f6f-4ff8-9b66-0a569c36e49b,d3d238ca-e750-4c2d-a21b-9b6794143385,971,148,false,0.04905227254613337,0.22500000000000014,0.47236655274101447,0.023170652886729724,0.0,0.0,generic,generic
119,bc5fc0ad-78cd-4775-bb9e-b0e73d32d40c,d3d238ca-e750-4c2d-a21b-9b6794143385,890,148,false,0.049144845770941546,0.35100000000000026,0.31036694126548475,0.01525293546089112,0.0,0.0,generic,generic
495,82be0088-d913-4847-821b-f1abd03e1d99,d3d238ca-e750-4c2d-a21b-9b6794143385,1572,148,false,0.049585449131826054,0.9960000000000008,0.03615283175404633,0.00179265439991173,0.0,0.0,generic,generic
307,82be0088-d913-4847-821b-f1abd03e1d99,d3d238ca-e750-4c2d-a21b-9b6794143385,1287,148,false,0.04928824941151683,0.5610000000000004,0.1541236618151312,0.007596485483760459,0.0,0.0,generic,generic
144,1d937a0a-1d3b-4853-aba6-2ab7a8b63234,d3d238ca-e750-4c2d-a21b-9b6794143385,1131,148,false,0.049164175857805144,0.3750000000000003,0.28650479686018987,0.014085772216939114,0.0,0.0,generic,generic
257,27bf3281-cca6-4c5e-8304-066b216843db,d3d238ca-e750-4c2d-a21b-9b6794143385,1358,148,false,0.04924940920596861,0.5010000000000003,0.18824706563874655,0.009271056767465462,0.0,0.0,generic,generic
352,a2130b83-6c1f-4a0f-8edf-19eda32111c7,e3657648-24c2-49ea-aba3-8c2d4e84777f,846,151,true,0.04934272873543887,0.001,0.9966722160545233,0.04917852679492706,0.0,0.0,generic,generic
200,1d937a0a-1d3b-4853-aba6-2ab7a8b63234,d3d238ca-e750-4c2d-a21b-9b6794143385,1262,148,false,0.04918352115711414,0.3990000000000003,0.2644772612998237,0.013007922976715483,0.0,0.0,generic,generic
187,27bf3281-cca6-4c5e-8304-066b216843db,d3d238ca-e750-4c2d-a21b-9b6794143385,1111,148,false,0.04918158594211141,0.3990000000000003,0.2644772612998237,0.013007411156351534,0.0,0.0,generic,generic
213,0f960723-5f75-4e64-946c-37d2bc4098da,d3d238ca-e750-4c2d-a21b-9b6794143385,1144,148,false,0.04918739204404983,0.4050000000000003,0.25924026064589123,0.012751352333991115,0.0,0.0,generic,generic
647,5a98df98-49c8-409a-b9cc-29c578c7bb25,d3d238ca-e750-4c2d-a21b-9b6794143385,1655,148,false,0.04974925375621096,1.2359999999999922,0.01624451444195029,0.0008081524711190187,0.0,0.0,generic,generic
227,27bf3281-cca6-4c5e-8304-066b216843db,d3d238ca-e750-4c2d-a21b-9b6794143385,983,148,false,0.04923776907841715,0.4830000000000004,0.19988761407514427,0.009842020183467718,0.0,0.0,generic,generic
109,27bf3281-cca6-4c5e-8304-066b216843db,d3d238ca-e750-4c2d-a21b-9b6794143385,1051,148,false,0.049135186426570374,0.34200000000000025,0.3198190218163036,0.015714367259707457,0.0,0.0,generic,generic
445,ad7701ce-b683-4d65-9795-1469ee131d17,d3d238ca-e750-4c2d-a21b-9b6794143385,1438,147,true,0.04954810330357672,0.001,0.9966722160545233,0.04938321792087426,0.0,0.0,generic,generic
453,27bf3281-cca6-4c5e-8304-066b216843db,d3d238ca-e750-4c2d-a21b-9b6794143385,1683,148,false,0.04955203179400976,0.9510000000000007,0.04200359790344544,0.00208136361877433,0.0,0.0,generic,generic
120,bc5fc0ad-78cd-4775-bb9e-b0e73d32d40c,d3d238ca-e750-4c2d-a21b-9b6794143385,890,148,false,0.04914677809557929,0.35400000000000026,0.307278738601131,0.015101759979519298,0.0,0.0,generic,generic
498,1d937a0a-1d3b-4853-aba6-2ab7a8b63234,d3d238ca-e750-4c2d-a21b-9b6794143385,1689,148,false,0.04959135098854997,1.0050000000000006,0.03508435410084496,0.001739880518421575,0.0,0.0,generic,generic
562,b0ce6adc-3f6f-4ff8-9b66-0a569c36e49b,8cb7e6e8-ec01-4342-990f-0b4a67b21158,1622,150,false,0.04964255932616847,0.15300000000000008,0.6004955788122658,0.02981013739628978,0.0,0.0,generic,generic
297,a2130b83-6c1f-4a0f-8edf-19eda32111c7,e3657648-24c2-49ea-aba3-8c2d4e84777f,846,151,true,0.04927076374037315,0.001,0.9966722160545233,0.04910680128381656,0.0,0.0,generic,generic
24,a2130b83-6c1f-4a0f-8edf-19eda32111c7,d3d238ca-e750-4c2d-a21b-9b6794143385,600,148,false,0.049000353210263546,0.14700000000000008,0.6126263941844159,0.030018909700966524,0.0,0.0,generic,generic
761,5a98df98-49c8-409a-b9cc-29c578c7bb25,8cb7e6e8-ec01-4342-990f-0b4a67b21158,959,150,false,0.04996402446385363,0.6270000000000004,0.12368713581745461,0.006179907079847289,0.0,0.0,generic,generic
464,27bf3281-cca6-4c5e-8304-066b216843db,d3d238ca-e750-4c2d-a21b-9b6794143385,1710,148,false,0.04955989064406432,0.9630000000000007,0.04035661327203104,0.002000069340526653,0.0,0.0,generic,generic
433,27bf3281-cca6-4c5e-8304-066b216843db,d3d238ca-e750-4c2d-a21b-9b6794143385,1690,148,false,0.04954221173575324,0.9360000000000007,0.04415716841969276,0.002187643787499735,0.0,0.0,generic,generic
447,27bf3281-cca6-4c5e-8304-066b216843db,d3d238ca-e750-4c2d-a21b-9b6794143385,1683,148,false,0.04954810330357672,0.9450000000000007,0.04285212686704007,0.0021232416087860768,0.0,0.0,generic,generic
314,bc5fc0ad-78cd-4775-bb9e-b0e73d32d40c,d3d238ca-e750-4c2d-a21b-9b6794143385,1406,148,false,0.04929213680182037,0.5670000000000004,0.1510718088363706,0.0074466522680608355,0.0,0.0,generic,generic
480,33d52ebf-78fb-4a56-8322-754b3df44f73,8cb7e6e8-ec01-4342-990f-0b4a67b21158,1715,150,false,0.049567751987358556,0.039,0.8780954309205613,0.04352521654110312,0.0,0.0,generic,generic
633,41f3bb2f-cb0f-4af5-91c4-9125ab4d7165,d3d238ca-e750-4c2d-a21b-9b6794143385,1423,147,true,0.04973539713099319,0.001,0.9966722160545233,0.04956988847489876,0.0,0.0,generic,generic
566,b0ce6adc-3f6f-4ff8-9b66-0a569c36e49b,8cb7e6e8-ec01-4342-990f-0b4a67b21158,1622,150,false,0.04964847478676615,0.15900000000000009,0.588604969678355,0.02922333899644106,0.0,0.0,generic,generic
741,5a98df98-49c8-409a-b9cc-29c578c7bb25,d3d238ca-e750-4c2d-a21b-9b6794143385,1686,148,false,0.04994605610277439,1.5329999999999815,0.00603608292359994,0.00030147853634312106,0.0,0.0,generic,generic
315,bc5fc0ad-78cd-4775-bb9e-b0e73d32d40c,d3d238ca-e750-4c2d-a21b-9b6794143385,1373,148,false,0.04929602480538543,0.5730000000000004,0.14808038659546224,0.0072997744108009716,0.0,0.0,generic,generic
268,0f960723-5f75-4e64-946c-37d2bc4098da,d3d238ca-e750-4c2d-a21b-9b6794143385,1363,148,false,0.04925523133388018,0.5100000000000003,0.18268352405273441,0.008998119238105897,0.0,0.0,generic,generic
792,0f960723-5f75-4e64-946c-37d2bc4098da,d3d238ca-e750-4c2d-a21b-9b6794143385,2177,148,false,0.04999000159977603,1.5959999999999792,0.004892753725239815,0.00024458876655204846,0.0,0.0,generic,generic
497,0f960723-5f75-4e64-946c-37d2bc4098da,d3d238ca-e750-4c2d-a21b-9b6794143385,1731,148,false,0.04958938354687568,1.0020000000000007,0.03543695772159854,0.0017572968881907679,0.0,0.0,generic,generic
32,2cc94e3c-a36d-481e-bfc7-ec2a45283ccd,d3d238ca-e750-4c2d-a21b-9b6794143385,266,148,false,0.04902149225894833,0.1800000000000001,0.5488116360940262,0.02690356537040407,0.0,0.0,generic,generic
784,0f960723-5f75-4e64-946c-37d2bc4098da,d3d238ca-e750-4c2d-a21b-9b6794143385,2177,148,false,0.04998600335926095,1.5899999999999794,0.004991593906910559,0.00024950982979889764,0.0,0.0,generic,generic
471,33d52ebf-78fb-4a56-8322-754b3df44f73,8cb7e6e8-ec01-4342-990f-0b4a67b21158,1715,149,true,0.04956382100398233,0.001,0.9966722160545233,0.0493988833161688,0.0,0.0,generic,generic
681,bc5fc0ad-78cd-4775-bb9e-b0e73d32d40c,d3d238ca-e750-4c2d-a21b-9b6794143385,1959,148,false,0.049786903546980954,1.2929999999999902,0.013433549594245742,0.0006688148379422979,0.0,0.0,generic,generic
239,27bf3281-cca6-4c5e-8304-066b216843db,d3d238ca-e750-4c2d-a21b-9b6794143385,1358,148,false,0.049241648509507165,0.4890000000000004,0.19592957412690912,0.009647895221774687,0.0,0.0,generic,generic
567,b0ce6adc-3f6f-4ff8-9b66-0a569c36e49b,8cb7e6e8-ec01-4342-990f-0b4a67b21158,1622,150,false,0.04965044692026965,0.1620000000000001,0.5827482523739894,0.028933711172374664,0.0,0.0,generic,generic
191,1d937a0a-1d3b-4853-aba6-2ab7a8b63234,d3d238ca-e750-4c2d-a21b-9b6794143385,1262,148,false,0.04918158594211141,0.3990000000000003,0.2644772612998237,0.013007411156351534,0.0,0.0,generic,generic
780,bc5fc0ad-78cd-4775-bb9e-b0e73d32d40c,8cb7e6e8-ec01-4342-990f-0b4a67b21158,2169,150,false,0.049984004478835484,0.6570000000000005,0.11191674861732868,0.005594047264145262,0.0,0.0,generic,generic
739,b0ce6adc-3f6f-4ff8-9b66-0a569c36e49b,e3657648-24c2-49ea-aba3-8c2d4e84777f,1922,151,true,0.04994406041595821,0.001,0.9966722160545233,0.04977785737353407,0.0,0.0,generic,generic
661,2cc94e3c-a36d-481e-bfc7-ec2a45283ccd,d3d238ca-e750-4c2d-a21b-9b6794143385,543,147,true,0.049759156073893224,0.001,0.9966722160545233,0.04959356835317005,0.0,0.0,generic,generic
150,bc5fc0ad-78cd-4775-bb9e-b0e73d32d40c,d3d238ca-e750-4c2d-a21b-9b6794143385,944,148,false,0.049164175857805144,0.3750000000000003,0.28650479686018987,0.014085772216939114,0.0,0.0,generic,generic
199,1d937a0a-1d3b-4853-aba6-2ab7a8b63234,d3d238ca-e750-4c2d-a21b-9b6794143385,1169,148,false,0.04918352115711414,0.3990000000000003,0.2644772612998237,0.013007922976715483,0.0,0.0,generic,generic
361,82be0088-d913-4847-821b-f1abd03e1d99,d3d238ca-e750-4c2d-a21b-9b6794143385,1452,148,false,0.0493583163845616,0.6660000000000005,0.10860910882495782,0.005360762755627549,0.0,0.0,generic,generic
98,bc5fc0ad-78cd-4775-bb9e-b0e73d32d40c,d3d238ca-e750-4c2d-a21b-9b6794143385,1184,148,false,0.04912166972187992,0.32400000000000023,0.3395955256449389,0.01668149924975889,0.0,0.0,generic,generic
621,5a98df98-49c8-409a-b9cc-29c578c7bb25,d3d238ca-e750-4c2d-a21b-9b6794143385,1426,148,false,0.049719570436845835,1.1909999999999938,0.01887343313515187,0.0009383789881482836,0.0,0.0,generic,generic
411,ad7701ce-b683-4d65-9795-1469ee131d17,d3d238ca-e750-4c2d-a21b-9b6794143385,1567,147,true,0.049467706301762775,0.001,0.9966722160545233,0.04930308846291221,0.0,0.0,generic,generic
310,82be0088-d913-4847-821b-f1abd03e1d99,d3d238ca-e750-4c2d-a21b-9b6794143385,1333,148,false,0.04928824941151683,0.5610000000000004,0.1541236618151312,0.007596485483760459,0.0,0.0,generic,generic
722,33d52ebf-78fb-4a56-8322-754b3df44f73,8cb7e6e8-ec01-4342-990f-0b4a67b21158,2006,149,true,0.049922118382423976,0.001,0.9966722160545233,0.049755988358346756,0.0,0.0,generic,generic
743,bc5fc0ad-78cd-4775-bb9e-b0e73d32d40c,d3d238ca-e750-4c2d-a21b-9b6794143385,2136,148,false,0.04995004795492176,1.5389999999999813,0.005916560473682225,0.0002955324793886217,0.0,0.0,generic,generic
169,1d937a0a-1d3b-4853-aba6-2ab7a8b63234,d3d238ca-e750-4c2d-a21b-9b6794143385,982,148,false,0.04916804370009683,0.3810000000000003,0.2808316217783795,0.013807941451968429,0.0,0.0,generic,generic
180,27bf3281-cca6-4c5e-8304-066b216843db,d3d238ca-e750-4c2d-a21b-9b6794143385,1051,148,false,0.04917771596894629,0.3960000000000003,0.2671353019658501,0.013137104005355275,0.0,0.0,generic,generic
753,ad7701ce-b683-4d65-9795-1469ee131d17,e3657648-24c2-49ea-aba3-8c2d4e84777f,721,151,true,0.049956036929717215,0.001,0.9966722160545233,0.04978979403204286,0.0,0.0,generic,generic
798,bc5fc0ad-78cd-4775-bb9e-b0e73d32d40c,d3d238ca-e750-4c2d-a21b-9b6794143385,2132,148,false,0.0499960001599968,1.6049999999999789,0.004748150999411811,0.00023738855812628184,0.0,0.0,generic,generic
653,5a98df98-49c8-409a-b9cc-29c578c7bb25,d3d238ca-e750-4c2d-a21b-9b6794143385,1687,148,false,0.04975321421029038,1.241999999999992,0.015922851504512107,0.0007922130417426353,0.0,0.0,generic,generic
542,5a98df98-49c8-409a-b9cc-29c578c7bb25,d3d238ca-e750-4c2d-a21b-9b6794143385,1613,148,false,0.049626791653984766,1.0559999999999987,0.029599435167892117,0.0014689250021526117,0.0,0.0,generic,generic
670,27bf3281-cca6-4c5e-8304-066b216843db,d3d238ca-e750-4c2d-a21b-9b6794143385,1940,148,false,0.04976906233444347,1.2659999999999911,0.014698644504902214,0.0007315377545963033,0.0,0.0,generic,generic
428,2cc94e3c-a36d-481e-bfc7-ec2a45283ccd,d3d238ca-e750-4c2d-a21b-9b6794143385,1492,147,true,0.04953632156887671,0.001,0.9966722160545233,0.04937147539324183,0.0,0.0,generic,generic
347,82be0088-d913-4847-821b-f1abd03e1d99,d3d238ca-e750-4c2d-a21b-9b6794143385,1452,148,false,0.04933688590502015,0.6360000000000005,0.12003162851145656,0.005921986760863496,0.0,0.0,generic,generic
332,82be0088-d913-4847-821b-f1abd03e1d99,d3d238ca-e750-4c2d-a21b-9b6794143385,1418,148,false,0.04930769249710129,0.5910000000000004,0.13945685621505072,0.006876295782864189,0.0,0.0,generic,generic
375,2cc94e3c-a36d-481e-bfc7-ec2a45283ccd,d3d238ca-e750-4c2d-a21b-9b6794143385,996,147,true,0.04940904433134821,0.001,0.9966722160545233,0.049244621706861,0.0,0.0,generic,generic
229,bc5fc0ad-78cd-4775-bb9e-b0e73d32d40c,d3d238ca-e750-4c2d-a21b-9b6794143385,616,148,false,0.04923776907841715,0.4830000000000004,0.19988761407514427,0.009842020183467718,0.0,0.0,generic,generic
163,bc5fc0ad-78cd-4775-bb9e-b0e73d32d40c,d3d238ca-e750-4c2d-a21b-9b6794143385,515,148,false,0.04916804370009683,0.3810000000000003,0.2808316217783795,0.013807941451968429,0.0,0.0,generic,generic
679,bc5fc0ad-78cd-4775-bb9e-b0e73d32d40c,cacfbb16-d74a-498b-ae02-6326bee90a31,1959,154,false,0.049786903546980954,0.20100000000000012,0.5117085777865422,0.02547638560642138,0.0,0.0,generic,generic
740,82be0088-d913-4847-821b-f1abd03e1d99,d3d238ca-e750-4c2d-a21b-9b6794143385,1892,148,false,0.04994605610277439,1.5329999999999815,0.00603608292359994,0.00030147853634312106,0.0,0.0,generic,generic
625,5a98df98-49c8-409a-b9cc-29c578c7bb25,d3d238ca-e750-4c2d-a21b-9b6794143385,1426,148,false,0.049723526165975473,1.1969999999999936,0.018499714119819634,0.0009198710190999175,0.0,0.0,generic,generic
691,2cc94e3c-a36d-481e-bfc7-ec2a45283ccd,e3657648-24c2-49ea-aba3-8c2d4e84777f,266,151,true,0.04979682086009844,0.001,0.9966722160545233,0.04963110779910443,0.0,0.0,generic,generic
338,82be0088-d913-4847-821b-f1abd03e1d99,d3d238ca-e750-4c2d-a21b-9b6794143385,1452,148,false,0.04932325801386034,0.6150000000000004,0.128734903587804,0.006349624865050692,0.0,0.0,generic,generic
467,82be0088-d913-4847-821b-f1abd03e1d99,d3d238ca-e750-4c2d-a21b-9b6794143385,1693,148,false,0.049561855746100315,0.9630000000000007,0.04035661327203104,0.00200014864538956,0.0,0.0,generic,generic
3,8a7898ba-6cf3-426f-8995-b60d81dfd640,e3657648-24c2-49ea-aba3-8c2d4e84777f,556,151,true,0.048710105481395774,0.001,0.9966722160545233,0.048548008774392304,0.0,0.0,generic,generic
96,bc5fc0ad-78cd-4775-bb9e-b0e73d32d40c,d3d238ca-e750-4c2d-a21b-9b6794143385,1184,148,false,0.049119739371130906,0.32100000000000023,0.3430085174187064,0.016848488977684876,0.0,0.0,generic,generic
504,0f960723-5f75-4e64-946c-37d2bc4098da,d3d238ca-e750-4c2d-a21b-9b6794143385,1731,148,false,0.04959528634029044,1.0110000000000003,0.03438963734347267,0.001705563911188272,0.0,0.0,generic,generic
35,b0ce6adc-3f6f-4ff8-9b66-0a569c36e49b,d3d238ca-e750-4c2d-a21b-9b6794143385,758,148,false,0.04902341489511471,0.1830000000000001,0.5433508690744996,0.026636915088260348,0.0,0.0,generic,generic
711,bc5fc0ad-78cd-4775-bb9e-b0e73d32d40c,8cb7e6e8-ec01-4342-990f-0b4a67b21158,2020,150,false,0.049858396497721606,0.47400000000000037,0.20597509820488322,0.010269588114956213,0.0,0.0,generic,generic
657,5a98df98-49c8-409a-b9cc-29c578c7bb25,d3d238ca-e750-4c2d-a21b-9b6794143385,1655,148,false,0.049757175295002676,1.2479999999999918,0.01560755791998326,0.0007765879953515145,0.0,0.0,generic,generic
348,2cc94e3c-a36d-481e-bfc7-ec2a45283ccd,d3d238ca-e750-4c2d-a21b-9b6794143385,531,147,true,0.04933883336140212,0.001,0.9966722160545233,0.049174644383853494,0.0,0.0,generic,generic
417,ad7701ce-b683-4d65-9795-1469ee131d17,d3d238ca-e750-4c2d-a21b-9b6794143385,1567,147,true,0.04949512958531593,0.001,0.9966722160545233,0.04933042048770263,0.0,0.0,generic,generic
333,0f960723-5f75-4e64-946c-37d2bc4098da,d3d238ca-e750-4c2d-a21b-9b6794143385,1434,148,false,0.04930963764939338,0.5940000000000004,0.1380692373108926,0.006808144062328219,0.0,0.0,generic,generic
506,0f960723-5f75-4e64-946c-37d2bc4098da,d3d238ca-e750-4c2d-a21b-9b6794143385,1753,148,false,0.04959725425039378,1.0140000000000002,0.03404745473459932,0.0016886602690506958,0.0,0.0,generic,generic
603,1d937a0a-1d3b-4853-aba6-2ab7a8b63234,d3d238ca-e750-4c2d-a21b-9b6794143385,1689,148,false,0.049697825172316565,1.160999999999995,0.02085836942521507,0.0010366155970739316,0.0,0.0,generic,generic
376,2cc94e3c-a36d-481e-bfc7-ec2a45283ccd,d3d238ca-e750-4c2d-a21b-9b6794143385,996,147,true,0.04941490426666286,0.001,0.9966722160545233,0.04925046214157699,0.0,0.0,generic,generic
12,8a7898ba-6cf3-426f-8995-b60d81dfd640,e3657648-24c2-49ea-aba3-8c2d4e84777f,372,151,true,0.04881663792587972,0.001,0.9966722160545233,0.04865418670191783,0.0,0.0,generic,generic
82,b0ce6adc-3f6f-4ff8-9b66-0a569c36e49b,d3d238ca-e750-4c2d-a21b-9b6794143385,758,148,false,0.049096586990589275,0.2880000000000002,0.38289288597511173,0.018798733884354855,0.0,0.0,generic,generic
71,b0ce6adc-3f6f-4ff8-9b66-0a569c36e49b,d3d238ca-e750-4c2d-a21b-9b6794143385,949,148,false,0.04905419759757492,0.22800000000000015,0.46766642700990896,0.022941001320295924,0.0,0.0,generic,generic
208,bc5fc0ad-78cd-4775-bb9e-b0e73d32d40c,d3d238ca-e750-4c2d-a21b-9b6794143385,515,148,false,0.049185456524420954,0.4020000000000003,0.26184566858032576,0.012878998748065551,0.0,0.0,generic,generic
521,2cc94e3c-a36d-481e-bfc7-ec2a45283ccd,d3d238ca-e750-4c2d-a21b-9b6794143385,1492,147,true,0.04961103399520401,0.001,0.9966722160545233,0.04944593919275627,0.0,0.0,generic,generic
26,a2130b83-6c1f-4a0f-8edf-19eda32111c7,d3d238ca-e750-4c2d-a21b-9b6794143385,600,148,false,0.04900419531749104,0.15300000000000008,0.6004955788122658,0.029426802631406106,0.0,0.0,generic,generic
127,bc5fc0ad-78cd-4775-bb9e-b0e73d32d40c,d3d238ca-e750-4c2d-a21b-9b6794143385,907,148,false,0.04915644199857136,0.36600000000000027,0.29523016692401394,0.014512464576628832,0.0,0.0,generic,generic
571,5a98df98-49c8-409a-b9cc-29c578c7bb25,d3d238ca-e750-4c2d-a21b-9b6794143385,1161,148,false,0.0496543916573451,1.0979999999999972,0.025732512726360183,0.0012777322652423057,0.0,0.0,generic,generic
565,b0ce6adc-3f6f-4ff8-9b66-0a569c36e49b,8cb7e6e8-ec01-4342-990f-0b4a67b21158,1622,150,false,0.04964650280992723,0.15900000000000009,0.588604969678355,0.029222178281073583,0.0,0.0,generic,generic
799,bc5fc0ad-78cd-4775-bb9e-b0e73d32d40c,d3d238ca-e750-4c2d-a21b-9b6794143385,2169,148,false,0.0499960001599968,1.6049999999999789,0.004748150999411811,0.00023738855812628184,0.0,0.0,generic,generic
767,5a98df98-49c8-409a-b9cc-29c578c7bb25,8cb7e6e8-ec01-4342-990f-0b4a67b21158,959,150,false,0.04996602174651697,0.6300000000000004,0.12245642825298174,0.006118660557089281,0.0,0.0,generic,generic
389,bc5fc0ad-78cd-4775-bb9e-b0e73d32d40c,d3d238ca-e750-4c2d-a21b-9b6794143385,1464,148,false,0.049440313390284645,0.7860000000000006,0.07280286282743545,0.003599396353898313,0.0,0.0,generic,generic
295,a2130b83-6c1f-4a0f-8edf-19eda32111c7,e3657648-24c2-49ea-aba3-8c2d4e84777f,846,151,true,0.049268821653845496,0.001,0.9966722160545233,0.04910486566013327,0.0,0.0,generic,generic
57,b0ce6adc-3f6f-4ff8-9b66-0a569c36e49b,d3d238ca-e750-4c2d-a21b-9b6794143385,1081,148,false,0.04904649829826557,0.21600000000000014,0.4867522559599714,0.023873493693617666,0.0,0.0,generic,generic
619,bc5fc0ad-78cd-4775-bb9e-b0e73d32d40c,d3d238ca-e750-4c2d-a21b-9b6794143385,1868,148,false,0.04970770702498248,1.1759999999999944,0.01984109474437066,0.0009862553246080964,0.0,0.0,generic,generic
475,1d937a0a-1d3b-4853-aba6-2ab7a8b63234,d3d238ca-e750-4c2d-a21b-9b6794143385,1474,148,false,0.04956382100398233,0.9630000000000007,0.04035661327203104,0.002000227956541884,0.0,0.0,generic,generic
511,0f960723-5f75-4e64-946c-37d2bc4098da,d3d238ca-e750-4c2d-a21b-9b6794143385,1753,148,false,0.04960512745279502,1.023,0.033041200375886946,0.0016390129558392108,0.0,0.0,generic,generic
397,82be0088-d913-4847-821b-f1abd03e1d99,d3d238ca-e750-4c2d-a21b-9b6794143385,1566,148,false,0.04944422480575069,0.7920000000000006,0.07136126955638593,0.0035284026543697185,0.0,0.0,generic,generic
129,bc5fc0ad-78cd-4775-bb9e-b0e73d32d40c,d3d238ca-e750-4c2d-a21b-9b6794143385,944,148,false,0.04915644199857136,0.36600000000000027,0.29523016692401394,0.014512464576628832,0.0,0.0,generic,generic
78,b0ce6adc-3f6f-4ff8-9b66-0a569c36e49b,d3d238ca-e750-4c2d-a21b-9b6794143385,1165,148,false,0.049085018983132826,0.2700000000000002,0.40656965974059883,0.01995647946633315,0.0,0.0,generic,generic
764,0f960723-5f75-4e64-946c-37d2bc4098da,8cb7e6e8-ec01-4342-990f-0b4a67b21158,2149,150,false,0.04996602174651697,0.6300000000000004,0.12245642825298174,0.006118660557089281,0.0,0.0,generic,generic
133,2cc94e3c-a36d-481e-bfc7-ec2a45283ccd,d3d238ca-e750-4c2d-a21b-9b6794143385,996,147,true,0.04915837523525598,0.001,0.9966722160545233,0.048994786783362373,0.0,0.0,generic,generic
72,b0ce6adc-3f6f-4ff8-9b66-0a569c36e49b,d3d238ca-e750-4c2d-a21b-9b6794143385,971,148,false,0.04905419759757492,0.22800000000000015,0.46766642700990896,0.022941001320295924,0.0,0.0,generic,generic
258,0f960723-5f75-4e64-946c-37d2bc4098da,d3d238ca-e750-4c2d-a21b-9b6794143385,1363,148,false,0.049251349762331344,0.5040000000000003,0.18637397603940972,0.00917916988051333,0.0,0.0,generic,generic
252,27bf3281-cca6-4c5e-8304-066b216843db,d3d238ca-e750-4c2d-a21b-9b6794143385,1349,148,false,0.049247468802522905,0.4980000000000004,0.19013898010152028,0.009363863490693142,0.0,0.0,generic,generic
579,33d52ebf-78fb-4a56-8322-754b3df44f73,cacfbb16-d74a-498b-ae02-6326bee90a31,1826,154,false,0.049664256242971244,0.023999999999999997,0.9231163463866358,0.04584588676902128,0.0,0.0,generic,generic
313,82be0088-d913-4847-821b-f1abd03e1d99,d3d238ca-e750-4c2d-a21b-9b6794143385,1418,148,false,0.04929213680182037,0.5670000000000004,0.1510718088363706,0.0074466522680608355,0.0,0.0,generic,generic
604,82be0088-d913-4847-821b-f1abd03e1d99,d3d238ca-e750-4c2d-a21b-9b6794143385,1842,148,false,0.049697825172316565,1.160999999999995,0.02085836942521507,0.0010366155970739316,0.0,0.0,generic,generic
588,1d937a0a-1d3b-4853-aba6-2ab7a8b63234,d3d238ca-e750-4c2d-a21b-9b6794143385,1519,148,false,0.049680047735275304,1.1369999999999958,0.022595601851122176,0.0011225505785710248,0.0,0.0,generic,generic
354,5a98df98-49c8-409a-b9cc-29c578c7bb25,d3d238ca-e750-4c2d-a21b-9b6794143385,1357,148,false,0.049344676653130075,0.6480000000000005,0.11532512103806236,0.005690680807606276,0.0,0.0,generic,generic
299,a2130b83-6c1f-4a0f-8edf-19eda32111c7,e3657648-24c2-49ea-aba3-8c2d4e84777f,846,151,true,0.049272705980016825,0.001,0.9966722160545233,0.04910873706010633,0.0,0.0,generic,generic
345,82be0088-d913-4847-821b-f1abd03e1d99,d3d238ca-e750-4c2d-a21b-9b6794143385,1418,148,false,0.04933688590502015,0.6360000000000005,0.12003162851145656,0.005921986760863496,0.0,0.0,generic,generic
573,5a98df98-49c8-409a-b9cc-29c578c7bb25,d3d238ca-e750-4c2d-a21b-9b6794143385,1161,148,false,0.04965636426095439,1.100999999999997,0.025476469946681256,0.0012650688717556619,0.0,0.0,generic,generic
516,82be0088-d913-4847-821b-f1abd03e1d99,d3d238ca-e750-4c2d-a21b-9b6794143385,1693,148,false,0.04960709614398529,1.0259999999999998,0.03271243493901983,0.0016227689051238204,0.0,0.0,generic,generic
231,27bf3281-cca6-4c5e-8304-066b216843db,d3d238ca-e750-4c2d-a21b-9b6794143385,1358,148,false,0.04923776907841715,0.4830000000000004,0.19988761407514427,0.009842020183467718,0.0,0.0,generic,generic
432,27bf3281-cca6-4c5e-8304-066b216843db,d3d238ca-e750-4c2d-a21b-9b6794143385,1683,148,false,0.0495402481911583,0.9330000000000007,0.04460095534027442,0.002209542397119962,0.0,0.0,generic,generic
114,bc5fc0ad-78cd-4775-bb9e-b0e73d32d40c,d3d238ca-e750-4c2d-a21b-9b6794143385,890,148,false,0.04913904970862701,0.34800000000000025,0.31348618088260505,0.015404413025357968,0.0,0.0,generic,generic
624,41f3bb2f-cb0f-4af5-91c4-9125ab4d7165,d3d238ca-e750-4c2d-a21b-9b6794143385,1423,147,true,0.049723526165975473,0.001,0.9966722160545233,0.04955805701388785,0.0,0.0,generic,generic
275,0f960723-5f75-4e64-946c-37d2bc4098da,d3d238ca-e750-4c2d-a21b-9b6794143385,1284,148,false,0.04925717234910244,0.5130000000000003,0.18086579261712185,0.008908937518998591,0.0,0.0,generic,generic
337,82be0088-d913-4847-821b-f1abd03e1d99,d3d238ca-e750-4c2d-a21b-9b6794143385,1418,148,false,0.04932325801386034,0.6150000000000004,0.128734903587804,0.006349624865050692,0.0,0.0,generic,generic
745,b0ce6adc-3f6f-4ff8-9b66-0a569c36e49b,e3657648-24c2-49ea-aba3-8c2d4e84777f,1922,151,true,0.04995004795492176,0.001,0.9966722160545233,0.049783824987261575,0.0,0.0,generic,generic
363,5a98df98-49c8-409a-b9cc-29c578c7bb25,d3d238ca-e750-4c2d-a21b-9b6794143385,1357,148,false,0.049364164292388234,0.6750000000000005,0.10539922456186415,0.005202944637562183,0.0,0.0,generic,generic
378,82be0088-d913-4847-821b-f1abd03e1d99,d3d238ca-e750-4c2d-a21b-9b6794143385,1566,148,false,0.049422719676328074,0.7590000000000006,0.07965902028589786,0.0039369654292808615,0.0,0.0,generic,generic
176,27bf3281-cca6-4c5e-8304-066b216843db,d3d238ca-e750-4c2d-a21b-9b6794143385,983,148,false,0.04917771596894629,0.3960000000000003,0.2671353019658501,0.013137104005355275,0.0,0.0,generic,generic
766,0f960723-5f75-4e64-946c-37d2bc4098da,cacfbb16-d74a-498b-ae02-6326bee90a31,2149,154,false,0.04996602174651697,0.45600000000000035,0.21871188695221452,0.010928162899676113,0.0,0.0,generic,generic
469,1d937a0a-1d3b-4853-aba6-2ab7a8b63234,d3d238ca-e750-4c2d-a21b-9b6794143385,1474,148,false,0.049561855746100315,0.9630000000000007,0.04035661327203104,0.00200014864538956,0.0,0.0,generic,generic
451,ad7701ce-b683-4d65-9795-1469ee131d17,d3d238ca-e750-4c2d-a21b-9b6794143385,1438,147,true,0.04955203179400976,0.001,0.9966722160545233,0.0493871333381399,0.0,0.0,generic,generic
553,1d937a0a-1d3b-4853-aba6-2ab7a8b63234,d3d238ca-e750-4c2d-a21b-9b6794143385,1689,148,false,0.04963467423780479,1.0679999999999983,0.02843882471418467,0.001411551800394588,0.0,0.0,generic,generic
751,bc5fc0ad-78cd-4775-bb9e-b0e73d32d40c,d3d238ca-e750-4c2d-a21b-9b6794143385,2136,148,false,0.049956036929717215,1.547999999999981,0.005741699685654565,0.00028683256153590517,0.0,0.0,generic,generic
796,bc5fc0ad-78cd-4775-bb9e-b0e73d32d40c,cacfbb16-d74a-498b-ae02-6326bee90a31,2169,154,false,0.049992000959904005,0.4890000000000004,0.19592957412690912,0.009794911457826024,0.0,0.0,generic,generic
779,33d52ebf-78fb-4a56-8322-754b3df44f73,8cb7e6e8-ec01-4342-990f-0b4a67b21158,2163,149,true,0.049984004478835484,0.001,0.9966722160545233,0.049817668511200175,0.0,0.0,generic,generic
157,bc5fc0ad-78cd-4775-bb9e-b0e73d32d40c,d3d238ca-e750-4c2d-a21b-9b6794143385,907,148,false,0.049166109702879796,0.3780000000000003,0.2836540264997701,0.01394616498455127,0.0,0.0,generic,generic
582,33d52ebf-78fb-4a56-8322-754b3df44f73,8cb7e6e8-ec01-4342-990f-0b4a67b21158,1826,150,false,0.04966622963046381,0.1860000000000001,0.5379444375946743,0.0267176719660078,0.0,0.0,generic,generic
16,ad7701ce-b683-4d65-9795-1469ee131d17,d3d238ca-e750-4c2d-a21b-9b6794143385,721,148,false,0.04891597901677526,0.023999999999999997,0.9231163463866358,0.04515513982989092,0.0,0.0,generic,generic
370,ad7701ce-b683-4d65-9795-1469ee131d17,d3d238ca-e750-4c2d-a21b-9b6794143385,1446,147,true,0.049389521247433364,0.001,0.9966722160545233,0.04922516359155137,0.0,0.0,generic,generic
392,bc5fc0ad-78cd-4775-bb9e-b0e73d32d40c,d3d238ca-e750-4c2d-a21b-9b6794143385,1472,148,false,0.049442269020657376,0.7890000000000006,0.07207846223876595,0.00356372272060436,0.0,0.0,generic,generic
622,82be0088-d913-4847-821b-f1abd03e1d99,d3d238ca-e750-4c2d-a21b-9b6794143385,1842,148,false,0.049719570436845835,1.1909999999999938,0.01887343313515187,0.0009383789881482836,0.0,0.0,generic,generic
712,5a98df98-49c8-409a-b9cc-29c578c7bb25,d3d238ca-e750-4c2d-a21b-9b6794143385,1686,148,false,0.049872321755600246,1.4219999999999855,0.008738646185473709,0.00043581657427029354,0.0,0.0,generic,generic
489,0f960723-5f75-4e64-946c-37d2bc4098da,d3d238ca-e750-4c2d-a21b-9b6794143385,1731,148,false,0.04957758217440257,0.9840000000000008,0.037628256807176116,0.0018655179939372967,0.0,0.0,generic,generic
74,b0ce6adc-3f6f-4ff8-9b66-0a569c36e49b,d3d238ca-e750-4c2d-a21b-9b6794143385,1165,148,false,0.04907152986244517,0.25200000000000017,0.4317105234290794,0.021184695842381907,0.0,0.0,generic,generic
793,bc5fc0ad-78cd-4775-bb9e-b0e73d32d40c,8cb7e6e8-ec01-4342-990f-0b4a67b21158,2169,150,false,0.04999000159977603,0.6660000000000005,0.10860910882495782,0.00542936952390989,0.0,0.0,generic,generic
228,0f960723-5f75-4e64-946c-37d2bc4098da,d3d238ca-e750-4c2d-a21b-9b6794143385,1266,148,false,0.04923776907841715,0.4830000000000004,0.19988761407514427,0.009842020183467718,0.0,0.0,generic,generic
580,1d937a0a-1d3b-4853-aba6-2ab7a8b63234,d3d238ca-e750-4c2d-a21b-9b6794143385,1519,148,false,0.04966622963046381,1.1159999999999966,0.024233967845691394,0.0012036098118813853,0.0,0.0,generic,generic
105,27bf3281-cca6-4c5e-8304-066b216843db,d3d238ca-e750-4c2d-a21b-9b6794143385,1051,148,false,0.04912939264235678,0.33300000000000024,0.32955896107518884,0.016191031597470127,0.0,0.0,generic,generic
399,bc5fc0ad-78cd-4775-bb9e-b0e73d32d40c,d3d238ca-e750-4c2d-a21b-9b6794143385,1373,148,false,0.04944618074558295,0.7920000000000006,0.07136126955638593,0.0035285422327193247,0.0,0.0,generic,generic
421,5a98df98-49c8-409a-b9cc-29c578c7bb25,d3d238ca-e750-4c2d-a21b-9b6794143385,1387,148,false,0.04951473626813709,0.8940000000000007,0.05079283386489839,0.002514993773131746,0.0,0.0,generic,generic
166,bc5fc0ad-78cd-4775-bb9e-b0e73d32d40c,d3d238ca-e750-4c2d-a21b-9b6794143385,907,148,false,0.04916804370009683,0.3810000000000003,0.2808316217783795,0.013807941451968429,0.0,0.0,generic,generic
585,5a98df98-49c8-409a-b9cc-29c578c7bb25,d3d238ca-e750-4c2d-a21b-9b6794143385,1161,148,false,0.0496682031747891,1.1189999999999964,0.023992835836709452,0.001191681045077046,0.0,0.0,generic,generic
668,2cc94e3c-a36d-481e-bfc7-ec2a45283ccd,d3d238ca-e750-4c2d-a21b-9b6794143385,543,147,true,0.04976708076679095,0.001,0.9966722160545233,0.049601466674401976,0.0,0.0,generic,generic
274,0f960723-5f75-4e64-946c-37d2bc4098da,d3d238ca-e750-4c2d-a21b-9b6794143385,1363,148,false,0.04925717234910244,0.5130000000000003,0.18086579261712185,0.008908937518998591,0.0,0.0,generic,generic
15,ad7701ce-b683-4d65-9795-1469ee131d17,d3d238ca-e750-4c2d-a21b-9b6794143385,721,147,true,0.04891597901677526,0.001,0.9966722160545233,0.04875319720712596,0.0,0.0,generic,generic
538,ad7701ce-b683-4d65-9795-1469ee131d17,8cb7e6e8-ec01-4342-990f-0b4a67b21158,500,150,false,0.049626791653984766,0.12900000000000006,0.6505090947233164,0.03228267931285626,0.0,0.0,generic,generic
6,8a7898ba-6cf3-426f-8995-b60d81dfd640,e3657648-24c2-49ea-aba3-8c2d4e84777f,556,151,true,0.048715800787656194,0.001,0.9966722160545233,0.04855368512790399,0.0,0.0,generic,generic
219,0f960723-5f75-4e64-946c-37d2bc4098da,d3d238ca-e750-4c2d-a21b-9b6794143385,1266,148,false,0.04921256766871939,0.44400000000000034,0.2276376883838125,0.01120263514353923,0.0,0.0,generic,generic
153,1d937a0a-1d3b-4853-aba6-2ab7a8b63234,d3d238ca-e750-4c2d-a21b-9b6794143385,1131,148,false,0.049166109702879796,0.3780000000000003,0.2836540264997701,0.01394616498455127,0.0,0.0,generic,generic
139,bc5fc0ad-78cd-4775-bb9e-b0e73d32d40c,d3d238ca-e750-4c2d-a21b-9b6794143385,944,148,false,0.04915837523525598,0.36600000000000027,0.29523016692401394,0.014513035326417935,0.0,0.0,generic,generic
13,8a7898ba-6cf3-426f-8995-b60d81dfd640,e3657648-24c2-49ea-aba3-8c2d4e84777f,372,151,true,0.048818544526111445,0.001,0.9966722160545233,0.04865608695739591,0.0,0.0,generic,generic
405,ad7701ce-b683-4d65-9795-1469ee131d17,d3d238ca-e750-4c2d-a21b-9b6794143385,1567,147,true,0.04945987665864231,0.001,0.9966722160545233,0.04929528487515242,0.0,0.0,generic,generic
104,27bf3281-cca6-4c5e-8304-066b216843db,d3d238ca-e750-4c2d-a21b-9b6794143385,1051,148,false,0.049127461684579654,0.33000000000000024,0.33287108369807933,0.0163531114102819,0.0,0.0,generic,generic
524,8a7898ba-6cf3-426f-8995-b60d81dfd640,8cb7e6e8-ec01-4342-990f-0b4a67b21158,1300,150,false,0.049616941944406696,0.11400000000000006,0.6838614092123557,0.0339311118389096,0.0,0.0,generic,generic
640,33d52ebf-78fb-4a56-8322-754b3df44f73,8cb7e6e8-ec01-4342-990f-0b4a67b21158,1910,150,false,0.04974529393261383,0.3030000000000002,0.36421897957152305,0.018118180194622087,0.0,0.0,generic,generic
302,0f960723-5f75-4e64-946c-37d2bc4098da,d3d238ca-e750-4c2d-a21b-9b6794143385,1384,148,false,0.04927464837279463,0.5400000000000004,0.1652988882215863,0.00814504459353255,0.0,0.0,generic,generic
43,b0ce6adc-3f6f-4ff8-9b66-0a569c36e49b,d3d238ca-e750-4c2d-a21b-9b6794143385,949,148,false,0.04903110694817266,0.19500000000000012,0.5220457767610158,0.025596482312211236,0.0,0.0,generic,generic
539,bc5fc0ad-78cd-4775-bb9e-b0e73d32d40c,d3d238ca-e750-4c2d-a21b-9b6794143385,1627,148,false,0.049626791653984766,1.0559999999999987,0.029599435167892117,0.0014689250021526117,0.0,0.0,generic,generic
646,33d52ebf-78fb-4a56-8322-754b3df44f73,8cb7e6e8-ec01-4342-990f-0b4a67b21158,1910,150,false,0.04974727376561152,0.3060000000000002,0.360594940173078,0.01793861520728442,0.0,0.0,generic,generic
39,b0ce6adc-3f6f-4ff8-9b66-0a569c36e49b,d3d238ca-e750-4c2d-a21b-9b6794143385,949,148,false,0.04902918370861381,0.19200000000000012,0.5272924240430483,0.02585271712656691,0.0,0.0,generic,generic
126,1d937a0a-1d3b-4853-aba6-2ab7a8b63234,d3d238ca-e750-4c2d-a21b-9b6794143385,1262,148,false,0.04915644199857136,0.36600000000000027,0.29523016692401394,0.014512464576628832,0.0,0.0,generic,generic
441,ad7701ce-b683-4d65-9795-1469ee131d17,d3d238ca-e750-4c2d-a21b-9b6794143385,1438,147,true,0.04954613929194394,0.001,0.9966722160545233,0.049381260445047856,0.0,0.0,generic,generic
443,27bf3281-cca6-4c5e-8304-066b216843db,d3d238ca-e750-4c2d-a21b-9b6794143385,1683,148,false,0.04954613929194394,0.9420000000000007,0.0432827979019658,0.002144495533795856,0.0,0.0,generic,generic
156,1d937a0a-1d3b-4853-aba6-2ab7a8b63234,d3d238ca-e750-4c2d-a21b-9b6794143385,1262,148,false,0.049166109702879796,0.3780000000000003,0.2836540264997701,0.01394616498455127,0.0,0.0,generic,generic
439,27bf3281-cca6-4c5e-8304-066b216843db,d3d238ca-e750-4c2d-a21b-9b6794143385,1683,148,false,0.04954417543600895,0.9390000000000007,0.04371779725275082,0.0021659622167661567,0.0,0.0,generic,generic
344,82be0088-d913-4847-821b-f1abd03e1d99,d3d238ca-e750-4c2d-a21b-9b6794143385,1452,148,false,0.04933493860237151,0.6330000000000005,0.12123796643338147,0.005981267630267253,0.0,0.0,generic,generic
346,2cc94e3c-a36d-481e-bfc7-ec2a45283ccd,d3d238ca-e750-4c2d-a21b-9b6794143385,531,147,true,0.04933688590502015,0.001,0.9966722160545233,0.04917270340818561,0.0,0.0,generic,generic
294,0f960723-5f75-4e64-946c-37d2bc4098da,d3d238ca-e750-4c2d-a21b-9b6794143385,1367,148,false,0.049268821653845496,0.5310000000000004,0.1703329888254092,0.008392105648205543,0.0,0.0,generic,generic
512,8a7898ba-6cf3-426f-8995-b60d81dfd640,d3d238ca-e750-4c2d-a21b-9b6794143385,1042,147,true,0.04960512745279502,0.001,0.9966722160545233,0.049440052306044285,0.0,0.0,generic,generic
481,27bf3281-cca6-4c5e-8304-066b216843db,d3d238ca-e750-4c2d-a21b-9b6794143385,1710,148,false,0.049567751987358556,0.9690000000000007,0.03955749878839862,0.0019607762891835794,0.0,0.0,generic,generic
161,8a7898ba-6cf3-426f-8995-b60d81dfd640,d3d238ca-e750-4c2d-a21b-9b6794143385,1074,148,false,0.04916804370009683,0.3810000000000003,0.2808316217783795,0.013807941451968429,0.0,0.0,generic,generic
531,ad7701ce-b683-4d65-9795-1469ee131d17,8cb7e6e8-ec01-4342-990f-0b4a67b21158,500,150,false,0.04962285130090575,0.12300000000000007,0.6636502501363192,0.032932217678323474,0.0,0.0,generic,generic
383,82be0088-d913-4847-821b-f1abd03e1d99,d3d238ca-e750-4c2d-a21b-9b6794143385,1566,148,false,0.04943249241563243,0.7740000000000006,0.07577400402284534,0.003745697879161404,0.0,0.0,generic,generic
401,bc5fc0ad-78cd-4775-bb9e-b0e73d32d40c,d3d238ca-e750-4c2d-a21b-9b6794143385,1464,148,false,0.04944618074558295,0.7920000000000006,0.07136126955638593,0.0035285422327193247,0.0,0.0,generic,generic
727,33d52ebf-78fb-4a56-8322-754b3df44f73,8cb7e6e8-ec01-4342-990f-0b4a67b21158,2006,149,true,0.04992610640889733,0.001,0.9966722160545233,0.04975996311352964,0.0,0.0,generic,generic
209,1d937a0a-1d3b-4853-aba6-2ab7a8b63234,d3d238ca-e750-4c2d-a21b-9b6794143385,1169,148,false,0.049185456524420954,0.4020000000000003,0.26184566858032576,0.012878998748065551,0.0,0.0,generic,generic
323,0f960723-5f75-4e64-946c-37d2bc4098da,d3d238ca-e750-4c2d-a21b-9b6794143385,1431,148,false,0.04929991342235714,0.5790000000000004,0.1451481984836235,0.0071557936186537495,0.0,0.0,generic,generic
545,8a7898ba-6cf3-426f-8995-b60d81dfd640,8cb7e6e8-ec01-4342-990f-0b4a67b21158,1300,150,false,0.04963073263290141,0.13500000000000006,0.6376281516217731,0.031645952312351344,0.0,0.0,generic,generic
8,8a7898ba-6cf3-426f-8995-b60d81dfd640,e3657648-24c2-49ea-aba3-8c2d4e84777f,372,151,true,0.04874429730831374,0.001,0.9966722160545233,0.04858208681829759,0.0,0.0,generic,generic
83,b0ce6adc-3f6f-4ff8-9b66-0a569c36e49b,d3d238ca-e750-4c2d-a21b-9b6794143385,758,148,false,0.04909851552197044,0.2880000000000002,0.38289288597511173,0.01879947230530108,0.0,0.0,generic,generic
768,5a98df98-49c8-409a-b9cc-29c578c7bb25,d3d238ca-e750-4c2d-a21b-9b6794143385,959,148,false,0.04996602174651697,1.5629999999999804,0.005461673687641133,0.00027289810624905636,0.0,0.0,generic,generic
201,bc5fc0ad-78cd-4775-bb9e-b0e73d32d40c,d3d238ca-e750-4c2d-a21b-9b6794143385,907,148,false,0.04918352115711414,0.3990000000000003,0.2644772612998237,0.013007922976715483,0.0,0.0,generic,generic
99,bc5fc0ad-78cd-4775-bb9e-b0e73d32d40c,d3d238ca-e750-4c2d-a21b-9b6794143385,1178,148,false,0.04912166972187992,0.32400000000000023,0.3395955256449389,0.01668149924975889,0.0,0.0,generic,generic
593,27bf3281-cca6-4c5e-8304-066b216843db,d3d238ca-e750-4c2d-a21b-9b6794143385,1853,148,false,0.04968794724795671,1.1489999999999954,0.021709615629848907,0.001078706236189349,0.0,0.0,generic,generic
688,bc5fc0ad-78cd-4775-bb9e-b0e73d32d40c,8cb7e6e8-ec01-4342-990f-0b4a67b21158,1464,150,false,0.0497888866935715,0.36900000000000027,0.29229257768085914,0.014552922031524243,0.0,0.0,generic,generic
554,5a98df98-49c8-409a-b9cc-29c578c7bb25,d3d238ca-e750-4c2d-a21b-9b6794143385,1613,148,false,0.04963467423780479,1.0679999999999983,0.02843882471418467,0.001411551800394588,0.0,0.0,generic,generic
491,0f960723-5f75-4e64-946c-37d2bc4098da,d3d238ca-e750-4c2d-a21b-9b6794143385,1731,148,false,0.04958151534105121,0.9900000000000008,0.03688316740123991,0.0018287233303311363,0.0,0.0,generic,generic
386,bc5fc0ad-78cd-4775-bb9e-b0e73d32d40c,d3d238ca-e750-4c2d-a21b-9b6794143385,1373,148,false,0.049440313390284645,0.7860000000000006,0.07280286282743545,0.003599396353898313,0.0,0.0,generic,generic
602,bc5fc0ad-78cd-4775-bb9e-b0e73d32d40c,d3d238ca-e750-4c2d-a21b-9b6794143385,1868,148,false,0.049697825172316565,1.160999999999995,0.02085836942521507,0.0010366155970739316,0.0,0.0,generic,generic
461,bc5fc0ad-78cd-4775-bb9e-b0e73d32d40c,d3d238ca-e750-4c2d-a21b-9b6794143385,1627,148,false,0.04955989064406432,0.9630000000000007,0.04035661327203104,0.002000069340526653,0.0,0.0,generic,generic
334,0f960723-5f75-4e64-946c-37d2bc4098da,d3d238ca-e750-4c2d-a21b-9b6794143385,1434,148,false,0.04931158295516422,0.5970000000000004,0.13669542544552366,0.0067406678114484055,0.0,0.0,generic,generic
683,bc5fc0ad-78cd-4775-bb9e-b0e73d32d40c,8cb7e6e8-ec01-4342-990f-0b4a67b21158,1464,150,false,0.049786903546980954,0.36600000000000027,0.29523016692401394,0.014698595844804969,0.0,0.0,generic,generic
586,1d937a0a-1d3b-4853-aba6-2ab7a8b63234,d3d238ca-e750-4c2d-a21b-9b6794143385,1519,148,false,0.04967017687596581,1.1219999999999963,0.02375410313130529,0.001179870504061867,0.0,0.0,generic,generic
695,2cc94e3c-a36d-481e-bfc7-ec2a45283ccd,e3657648-24c2-49ea-aba3-8c2d4e84777f,266,151,true,0.04980872685246108,0.001,0.9966722160545233,0.049642974170896824,0.0,0.0,generic,generic
423,5a98df98-49c8-409a-b9cc-29c578c7bb25,d3d238ca-e750-4c2d-a21b-9b6794143385,1387,148,false,0.049520621302481006,0.9030000000000007,0.04929167876046204,0.002440954557260387,0.0,0.0,generic,generic
700,33d52ebf-78fb-4a56-8322-754b3df44f73,cacfbb16-d74a-498b-ae02-6326bee90a31,2006,154,false,0.04984050401736435,0.2760000000000002,0.3985190410845139,0.019862389868168902,0.0,0.0,generic,generic
627,41f3bb2f-cb0f-4af5-91c4-9125ab4d7165,d3d238ca-e750-4c2d-a21b-9b6794143385,1423,147,true,0.049725504266595125,0.001,0.9966722160545233,0.049560028531816014,0.0,0.0,generic,generic
510,0f960723-5f75-4e64-946c-37d2bc4098da,d3d238ca-e750-4c2d-a21b-9b6794143385,1753,148,false,0.04960315891785934,1.02,0.033373269960326066,0.001655419613450675,0.0,0.0,generic,generic
559,5a98df98-49c8-409a-b9cc-29c578c7bb25,d3d238ca-e750-4c2d-a21b-9b6794143385,1161,148,false,0.04964058781921131,1.076999999999998,0.02759833042324947,0.0013699973450389267,0.0,0.0,generic,generic
210,1d937a0a-1d3b-4853-aba6-2ab7a8b63234,d3d238ca-e750-4c2d-a21b-9b6794143385,1262,148,false,0.049185456524420954,0.4020000000000003,0.26184566858032576,0.012878998748065551,0.0,0.0,generic,generic
63,b0ce6adc-3f6f-4ff8-9b66-0a569c36e49b,d3d238ca-e750-4c2d-a21b-9b6794143385,971,148,false,0.04904842289649648,0.21900000000000014,0.48190899009020216,0.023636875943567767,0.0,0.0,generic,generic
91,bc5fc0ad-78cd-4775-bb9e-b0e73d32d40c,d3d238ca-e750-4c2d-a21b-9b6794143385,1184,148,false,0.049115879124751904,0.3150000000000002,0.3499377491111551,0.017187500186531254,0.0,0.0,generic,generic
173,0f960723-5f75-4e64-946c-37d2bc4098da,d3d238ca-e750-4c2d-a21b-9b6794143385,1284,148,false,0.04917578121074795,0.3930000000000003,0.2698200563846866,0.013268612059045023,0.0,0.0,generic,generic
256,82be0088-d913-4847-821b-f1abd03e1d99,d3d238ca-e750-4c2d-a21b-9b6794143385,1333,148,false,0.04924940920596861,0.5010000000000003,0.18824706563874655,0.009271056767465462,0.0,0.0,generic,generic
188,bc5fc0ad-78cd-4775-bb9e-b0e73d32d40c,d3d238ca-e750-4c2d-a21b-9b6794143385,616,148,false,0.04918158594211141,0.3990000000000003,0.2644772612998237,0.013007411156351534,0.0,0.0,generic,generic
355,5a98df98-49c8-409a-b9cc-29c578c7bb25,d3d238ca-e750-4c2d-a21b-9b6794143385,1357,148,false,0.04934662472462745,0.6510000000000005,0.11417761691083629,0.005634280013651315,0.0,0.0,generic,generic
235,27bf3281-cca6-4c5e-8304-066b216843db,d3d238ca-e750-4c2d-a21b-9b6794143385,1358,148,false,0.04923970871754882,0.4860000000000004,0.19789869908361443,0.009744474298459021,0.0,0.0,generic,generic
204,0f960723-5f75-4e64-946c-37d2bc4098da,d3d238ca-e750-4c2d-a21b-9b6794143385,1144,148,false,0.049185456524420954,0.4020000000000003,0.26184566858032576,0.012878998748065551,0.0,0.0,generic,generic
568,b0ce6adc-3f6f-4ff8-9b66-0a569c36e49b,8cb7e6e8-ec01-4342-990f-0b4a67b21158,1622,150,false,0.04965241921045641,0.1650000000000001,0.5769498103804864,0.028646953848405248,0.0,0.0,generic,generic
384,82be0088-d913-4847-821b-f1abd03e1d99,d3d238ca-e750-4c2d-a21b-9b6794143385,1566,148,false,0.049434447427306384,0.7770000000000006,0.07502004008532681,0.0037085742275925057,0.0,0.0,generic,generic
371,ad7701ce-b683-4d65-9795-1469ee131d17,d3d238ca-e750-4c2d-a21b-9b6794143385,1446,147,true,0.04939147286150651,0.001,0.9966722160545233,0.04922710871107454,0.0,0.0,generic,generic
76,b0ce6adc-3f6f-4ff8-9b66-0a569c36e49b,d3d238ca-e750-4c2d-a21b-9b6794143385,1165,148,false,0.04908116419196407,0.2670000000000002,0.4106557527523452,0.02015546242721246,0.0,0.0,generic,generic
167,bc5fc0ad-78cd-4775-bb9e-b0e73d32d40c,d3d238ca-e750-4c2d-a21b-9b6794143385,653,148,false,0.04916804370009683,0.3810000000000003,0.2808316217783795,0.013807941451968429,0.0,0.0,generic,generic
42,b0ce6adc-3f6f-4ff8-9b66-0a569c36e49b,d3d238ca-e750-4c2d-a21b-9b6794143385,665,148,false,0.04903110694817266,0.19500000000000012,0.5220457767610158,0.025596482312211236,0.0,0.0,generic,generic
132,1d937a0a-1d3b-4853-aba6-2ab7a8b63234,d3d238ca-e750-4c2d-a21b-9b6794143385,1131,148,false,0.04915837523525598,0.36600000000000027,0.29523016692401394,0.014513035326417935,0.0,0.0,generic,generic
140,1d937a0a-1d3b-4853-aba6-2ab7a8b63234,d3d238ca-e750-4c2d-a21b-9b6794143385,982,148,false,0.04915837523525598,0.36600000000000027,0.29523016692401394,0.014513035326417935,0.0,0.0,generic,generic
605,27bf3281-cca6-4c5e-8304-066b216843db,d3d238ca-e750-4c2d-a21b-9b6794143385,1853,148,false,0.049697825172316565,1.160999999999995,0.02085836942521507,0.0010366155970739316,0.0,0.0,generic,generic
442,27bf3281-cca6-4c5e-8304-066b216843db,d3d238ca-e750-4c2d-a21b-9b6794143385,1690,148,false,0.04954613929194394,0.9420000000000007,0.0432827979019658,0.002144495533795856,0.0,0.0,generic,generic
652,5a98df98-49c8-409a-b9cc-29c578c7bb25,d3d238ca-e750-4c2d-a21b-9b6794143385,1426,148,false,0.04975321421029038,1.241999999999992,0.015922851504512107,0.0007922130417426353,0.0,0.0,generic,generic
696,2cc94e3c-a36d-481e-bfc7-ec2a45283ccd,e3657648-24c2-49ea-aba3-8c2d4e84777f,266,151,true,0.04981071173806416,0.001,0.9966722160545233,0.04964495245122946,0.0,0.0,generic,generic
255,82be0088-d913-4847-821b-f1abd03e1d99,d3d238ca-e750-4c2d-a21b-9b6794143385,1287,148,false,0.04924940920596861,0.5010000000000003,0.18824706563874655,0.009271056767465462,0.0,0.0,generic,generic
291,0f960723-5f75-4e64-946c-37d2bc4098da,d3d238ca-e750-4c2d-a21b-9b6794143385,1384,148,false,0.04926493794006586,0.5250000000000004,0.1737739434504449,0.008560962539686683,0.0,0.0,generic,generic
452,27bf3281-cca6-4c5e-8304-066b216843db,d3d238ca-e750-4c2d-a21b-9b6794143385,1690,148,false,0.04955203179400976,0.9510000000000007,0.04200359790344544,0.00208136361877433,0.0,0.0,generic,generic
94,bc5fc0ad-78cd-4775-bb9e-b0e73d32d40c,d3d238ca-e750-4c2d-a21b-9b6794143385,1178,148,false,0.0491178091720942,0.3180000000000002,0.3464558103300572,0.01701715037835501,0.0,0.0,generic,generic
225,27bf3281-cca6-4c5e-8304-066b216843db,d3d238ca-e750-4c2d-a21b-9b6794143385,1349,148,false,0.04923389025856159,0.47700000000000037,0.2039256117342132,0.010040051189032293,0.0,0.0,generic,generic
128,bc5fc0ad-78cd-4775-bb9e-b0e73d32d40c,d3d238ca-e750-4c2d-a21b-9b6794143385,653,148,false,0.04915644199857136,0.36600000000000027,0.29523016692401394,0.014512464576628832,0.0,0.0,generic,generic
70,b0ce6adc-3f6f-4ff8-9b66-0a569c36e49b,d3d238ca-e750-4c2d-a21b-9b6794143385,665,148,false,0.04905419759757492,0.22800000000000015,0.46766642700990896,0.022941001320295924,0.0,0.0,generic,generic
350,2cc94e3c-a36d-481e-bfc7-ec2a45283ccd,d3d238ca-e750-4c2d-a21b-9b6794143385,531,147,true,0.049340780971535624,0.001,0.9966722160545233,0.049176585512761266,0.0,0.0,generic,generic
38,b0ce6adc-3f6f-4ff8-9b66-0a569c36e49b,d3d238ca-e750-4c2d-a21b-9b6794143385,665,148,false,0.04902918370861381,0.19200000000000012,0.5272924240430483,0.02585271712656691,0.0,0.0,generic,generic
326,0f960723-5f75-4e64-946c-37d2bc4098da,d3d238ca-e750-4c2d-a21b-9b6794143385,1434,148,false,0.04930380265288069,0.5850000000000004,0.14227407158651337,0.007014652748123275,0.0,0.0,generic,generic
561,8a7898ba-6cf3-426f-8995-b60d81dfd640,8cb7e6e8-ec01-4342-990f-0b4a67b21158,1074,150,false,0.04964255932616847,0.15300000000000008,0.6004955788122658,0.02981013739628978,0.0,0.0,generic,generic
221,27bf3281-cca6-4c5e-8304-066b216843db,d3d238ca-e750-4c2d-a21b-9b6794143385,983,148,false,0.04921644312936617,0.45000000000000034,0.22313016014842957,0.01098167283739155,0.0,0.0,generic,generic
175,27bf3281-cca6-4c5e-8304-066b216843db,d3d238ca-e750-4c2d-a21b-9b6794143385,1051,148,false,0.04917578121074795,0.3930000000000003,0.2698200563846866,0.013268612059045023,0.0,0.0,generic,generic
546,bc5fc0ad-78cd-4775-bb9e-b0e73d32d40c,d3d238ca-e750-4c2d-a21b-9b6794143385,1627,148,false,0.04963270335709544,1.0649999999999984,0.028724639654239575,0.0014256815189983333,0.0,0.0,generic,generic
611,bc5fc0ad-78cd-4775-bb9e-b0e73d32d40c,8cb7e6e8-ec01-4342-990f-0b4a67b21158,1868,150,false,0.04970177744185499,0.24000000000000016,0.44932896411722134,0.022332448172733384,0.0,0.0,generic,generic
613,bc5fc0ad-78cd-4775-bb9e-b0e73d32d40c,d3d238ca-e750-4c2d-a21b-9b6794143385,1868,148,false,0.049703753812369425,1.1699999999999946,0.02024191144580475,0.0010060989831940622,0.0,0.0,generic,generic
459,ad7701ce-b683-4d65-9795-1469ee131d17,d3d238ca-e750-4c2d-a21b-9b6794143385,1438,147,true,0.0495579256978558,0.001,0.9966722160545233,0.04939300762834734,0.0,0.0,generic,generic
713,33d52ebf-78fb-4a56-8322-754b3df44f73,8cb7e6e8-ec01-4342-990f-0b4a67b21158,2076,149,true,0.04989023709261501,0.001,0.9966722160545233,0.04972421316258218,0.0,0.0,generic,generic
149,bc5fc0ad-78cd-4775-bb9e-b0e73d32d40c,d3d238ca-e750-4c2d-a21b-9b6794143385,653,148,false,0.049164175857805144,0.3750000000000003,0.28650479686018987,0.014085772216939114,0.0,0.0,generic,generic
701,33d52ebf-78fb-4a56-8322-754b3df44f73,cacfbb16-d74a-498b-ae02-6326bee90a31,2006,154,false,0.04984249143652643,0.2790000000000002,0.39455371037160086,0.019665539930446244,0.0,0.0,generic,generic
641,33d52ebf-78fb-4a56-8322-754b3df44f73,cacfbb16-d74a-498b-ae02-6326bee90a31,1910,154,false,0.04974529393261383,0.14100000000000007,0.6250022682827007,0.03109092154427331,0.0,0.0,generic,generic
65,b0ce6adc-3f6f-4ff8-9b66-0a569c36e49b,d3d238ca-e750-4c2d-a21b-9b6794143385,949,148,false,0.04905034764577982,0.22200000000000014,0.4771139155210341,0.023402603422945947,0.0,0.0,generic,generic
298,0f960723-5f75-4e64-946c-37d2bc4098da,d3d238ca-e750-4c2d-a21b-9b6794143385,1384,148,false,0.04927076374037315,0.5340000000000004,0.16863814726859527,0.008308930311685211,0.0,0.0,generic,generic
